DOI,Sample_ID,Subsample_ID,cleaned_morphology,morphology,morph_ratio,Source,normalized_particle.L_concentration,corrected_concentration,morph_particle.L_reported,morph_particle.L_corrected
http://dce2.au.dk/pub/SR291.pdf ,1|http://dce2.au.dk/pub/SR291.pdf ,1a|http://dce2.au.dk/pub/SR291.pdf ,Fragment,Fragment,0.1,drinkingwater,0.58,4.0484,0.058,0.40484
http://dce2.au.dk/pub/SR291.pdf ,1|http://dce2.au.dk/pub/SR291.pdf ,1b|http://dce2.au.dk/pub/SR291.pdf ,Fragment,Fragment,0.28,drinkingwater,0.36,2.5128,0.1008,0.703584
http://dce2.au.dk/pub/SR291.pdf ,2|http://dce2.au.dk/pub/SR291.pdf ,N/A,Fragment,Fragment,0.06,drinkingwater,0.32,2.2336,0.0192,0.134016
http://dce2.au.dk/pub/SR291.pdf ,4|http://dce2.au.dk/pub/SR291.pdf ,N/A,Fragment,Fragment,0.07,drinkingwater,0.26,1.8148,0.0182,0.127036
http://dce2.au.dk/pub/SR291.pdf ,5|http://dce2.au.dk/pub/SR291.pdf ,N/A,Fragment,Fragment,0.14,drinkingwater,0.14,0.9772,0.0196,0.136808
http://dce2.au.dk/pub/SR291.pdf ,6|http://dce2.au.dk/pub/SR291.pdf ,N/A,Fragment,Fragment,0.1,drinkingwater,0.22,1.5356,0.022,0.15356
http://dce2.au.dk/pub/SR291.pdf ,8|http://dce2.au.dk/pub/SR291.pdf ,N/A,Fragment,Fragment,0.23,drinkingwater,0.6,4.188,0.138,0.96324
http://dce2.au.dk/pub/SR291.pdf ,9|http://dce2.au.dk/pub/SR291.pdf ,N/A,Fragment,Fragment,0.08,drinkingwater,0.24,1.6752,0.0192,0.134016
http://dce2.au.dk/pub/SR291.pdf ,12|http://dce2.au.dk/pub/SR291.pdf ,N/A,Fragment,Fragment,0.26,drinkingwater,0.54,3.7692,0.1404,0.979992
http://dce2.au.dk/pub/SR291.pdf ,15|http://dce2.au.dk/pub/SR291.pdf ,N/A,Fragment,Fragment,0.26,drinkingwater,0.38,2.6524,0.0988,0.689624
http://dce2.au.dk/pub/SR291.pdf ,16|http://dce2.au.dk/pub/SR291.pdf ,N/A,Fragment,Fragment,0.3,drinkingwater,0.34,2.3732,0.102,0.71196
http://dce2.au.dk/pub/SR291.pdf ,17|http://dce2.au.dk/pub/SR291.pdf ,N/A,Fragment,Fragment,0.08,drinkingwater,0.26,1.8148,0.0208,0.145184
10.3389/fchem.2018.00407,IB|101119.10.3389/fchem.2018.00407,N/A,Fragment,Fragment,0.65,drinkingwater,37.1,48.23,24.115,31.3495
10.3389/fchem.2018.00407,BB 311019 08: 11 PSRL6|10.3389/fchem.2018.00407,N/A,Fragment,Fragment,0.65,drinkingwater,705,916.5,458.25,595.725
10.3389/fchem.2018.00407,BB 311019 09: 50 STB1|10.3389/fchem.2018.00407,N/A,Fragment,Fragment,0.65,drinkingwater,404,525.2,262.6,341.38
10.3389/fchem.2018.00407,Oct0719|10.3389/fchem.2018.00407,N/A,Fragment,Fragment,0.65,drinkingwater,252,327.6,163.8,212.94
10.3389/fchem.2018.00407,BN7141A04117|10.3389/fchem.2018.00407,N/A,Fragment,Fragment,0.65,drinkingwater,174,226.2,113.1,147.03
10.3389/fchem.2018.00407,HE.B.No 229 (BM/AS)|10.3389/fchem.2018.00407,N/A,Fragment,Fragment,0.65,drinkingwater,826,1073.8,536.9,697.97
10.3389/fchem.2018.00407,MU.N.No.298 (MA/AD)|10.3389/fchem.2018.00407,N/A,Fragment,Fragment,0.65,drinkingwater,213,276.9,138.45,179.985
10.3389/fchem.2018.00407,SO.B No.087 (AS/LB)|10.3389/fchem.2018.00407,N/A,Fragment,Fragment,0.65,drinkingwater,3.72,4.836,2.418,3.1434
10.3389/fchem.2018.00407,Oct 0118NHBRB|10.3389/fchem.2018.00407,N/A,Fragment,Fragment,0.65,drinkingwater,165,214.5,107.25,139.425
10.3389/fchem.2018.00407,P18NOV17CG3|10.3389/fchem.2018.00407,N/A,Fragment,Fragment,0.65,drinkingwater,74.6,96.98,48.49,63.037
10.3389/fchem.2018.00407,17.11.18|10.3389/fchem.2018.00407,N/A,Fragment,Fragment,0.65,drinkingwater,686,891.8,445.9,579.67
10.3389/fchem.2018.00407,14.10.18|10.3389/fchem.2018.00407,N/A,Fragment,Fragment,0.65,drinkingwater,20,26,13,16.9
10.3389/fchem.2018.00407,09.08.18|10.3389/fchem.2018.00407,N/A,Fragment,Fragment,0.65,drinkingwater,37.3,48.49,24.245,31.5185
10.3389/fchem.2018.00407,PRD 03 21 2017 14:02|10.3389/fchem.2018.00407,N/A,Fragment,Fragment,0.65,drinkingwater,197,256.1,128.05,166.465
10.3389/fchem.2018.00407,PRD 05 24 17 11:29|10.3389/fchem.2018.00407,N/A,Fragment,Fragment,0.65,drinkingwater,58.2,75.66,37.83,49.179
10.3389/fchem.2018.00407,07.142018 2|10.3389/fchem.2018.00407,N/A,Fragment,Fragment,0.65,drinkingwater,1410,1833,916.5,1191.45
10.3389/fchem.2018.00407,NV No. AC-51-07269|10.3389/fchem.2018.00407,N/A,Fragment,Fragment,0.65,drinkingwater,204,265.2,132.6,172.38
10.3389/fchem.2018.00407,FAB: 211017 09:06SP|10.3389/fchem.2018.00407,N/A,Fragment,Fragment,0.65,drinkingwater,40.1,52.13,26.065,33.8845
10.3389/fchem.2018.00407,FAB: 160817 15:05SP|10.3389/fchem.2018.00407,N/A,Fragment,Fragment,0.65,drinkingwater,12.5,16.25,8.125,10.5625
10.3389/fchem.2018.00407,FAB: 091217 16:53SP|10.3389/fchem.2018.00407,N/A,Fragment,Fragment,0.65,drinkingwater,150,195,97.5,126.75
10.3389/fchem.2018.00407,100517 278WF246|10.3389/fchem.2018.00407,N/A,Fragment,Fragment,0.65,drinkingwater,2277,2960.1,1480.05,1924.065
10.3389/fchem.2018.00407,P: 4/11/17 03:34 AZ|10.3389/fchem.2018.00407,N/A,Fragment,Fragment,0.65,drinkingwater,49.3,64.09,32.045,41.6585
10.3389/fchem.2018.00407,730805210A 23:28|10.3389/fchem.2018.00407,N/A,Fragment,Fragment,0.65,drinkingwater,468,608.4,304.2,395.46
10.3389/fchem.2018.00407,BBE 11.2018 10|10.3389/fchem.2018.00407,N/A,Fragment,Fragment,0.65,drinkingwater,30.3,39.39,19.695,25.6035
10.3389/fchem.2018.00407,20171102 1214JN|10.3389/fchem.2018.00407,N/A,Fragment,Fragment,0.65,drinkingwater,156,202.8,101.4,131.82
10.3389/fchem.2018.00407,20171021 3214GH|10.3389/fchem.2018.00407,N/A,Fragment,Fragment,0.65,drinkingwater,66.7,86.71,43.355,56.3615
10.3389/fchem.2018.00407,20171103 2106WF|10.3389/fchem.2018.00407,N/A,Fragment,Fragment,0.65,drinkingwater,67.1,87.23,43.615,56.6995
10.1016/j.scitotenv.2019.134520,Finished|10.1016/j.scitotenv.2019.134520,N/A,Fragment,Fragment,0.24516129,drinkingwater,930,353.4,227.9999997,86.63999989
10.1016/j.scitotenv.2021.148001,TCQS|10.1016/j.scitotenv.2021.148001,N/A,Fragment,Fragment,0.0772,drinkingwater,0.4,0.4,0.03088,0.03088
10.1016/j.scitotenv.2021.148001,SHN|10.1016/j.scitotenv.2021.148001,N/A,Fragment,Fragment,0.0772,drinkingwater,0.51,0.51,0.039372,0.039372
10.1016/j.scitotenv.2021.148001,CHQ|10.1016/j.scitotenv.2021.148001,N/A,Fragment,Fragment,0.0772,drinkingwater,0.51,0.51,0.039372,0.039372
10.1016/j.scitotenv.2021.148001,CHH|10.1016/j.scitotenv.2021.148001,N/A,Fragment,Fragment,0.0772,drinkingwater,0.55,0.55,0.04246,0.04246
10.1016/j.scitotenv.2021.148001,ZHB|10.1016/j.scitotenv.2021.148001,N/A,Fragment,Fragment,0.0772,drinkingwater,0.6,0.6,0.04632,0.04632
10.1016/j.scitotenv.2021.148001,DAS|10.1016/j.scitotenv.2021.148001,N/A,Fragment,Fragment,0.0772,drinkingwater,0.605,0.605,0.046706,0.046706
10.1016/j.scitotenv.2021.148001,XHS|10.1016/j.scitotenv.2021.148001,N/A,Fragment,Fragment,0.0772,drinkingwater,0.63,0.63,0.048636,0.048636
10.1016/j.scitotenv.2021.148001,HNZ|10.1016/j.scitotenv.2021.148001,N/A,Fragment,Fragment,0.0772,drinkingwater,0.75,0.75,0.0579,0.0579
10.1016/j.scitotenv.2021.148001,TCH|10.1016/j.scitotenv.2021.148001,N/A,Fragment,Fragment,0.0772,drinkingwater,0.56,0.56,0.043232,0.043232
10.1016/j.scitotenv.2021.148001,WHH|10.1016/j.scitotenv.2021.148001,N/A,Fragment,Fragment,0.0772,drinkingwater,0.6,0.6,0.04632,0.04632
10.1016/j.scitotenv.2021.148001,Spr|10.1016/j.scitotenv.2021.148001,N/A,Fragment,Fragment,0.0772,drinkingwater,0.39,0.39,0.030108,0.030108
10.1016/j.scitotenv.2021.148001,Sum|10.1016/j.scitotenv.2021.148001,N/A,Fragment,Fragment,0.0772,drinkingwater,0.36,0.36,0.027792,0.027792
10.1016/j.scitotenv.2021.148001,Aut|10.1016/j.scitotenv.2021.148001,N/A,Fragment,Fragment,0.0772,drinkingwater,0.75,0.75,0.0579,0.0579
10.1016/j.scitotenv.2021.148001,Win|10.1016/j.scitotenv.2021.148001,N/A,Fragment,Fragment,0.0772,drinkingwater,0.54,0.54,0.041688,0.041688
http://dce2.au.dk/pub/SR291.pdf ,1|http://dce2.au.dk/pub/SR291.pdf ,1a|http://dce2.au.dk/pub/SR291.pdf ,Fiber,Fiber,0.86,drinkingwater,0.58,4.0484,0.4988,3.481624
http://dce2.au.dk/pub/SR291.pdf ,1|http://dce2.au.dk/pub/SR291.pdf ,1b|http://dce2.au.dk/pub/SR291.pdf ,Fiber,Fiber,0.72,drinkingwater,0.36,2.5128,0.2592,1.809216
http://dce2.au.dk/pub/SR291.pdf ,2|http://dce2.au.dk/pub/SR291.pdf ,N/A,Fiber,Fiber,0.78,drinkingwater,0.32,2.2336,0.2496,1.742208
http://dce2.au.dk/pub/SR291.pdf ,3|http://dce2.au.dk/pub/SR291.pdf ,N/A,Fiber,Fiber,1,drinkingwater,0.24,1.6752,0.24,1.6752
http://dce2.au.dk/pub/SR291.pdf ,4|http://dce2.au.dk/pub/SR291.pdf ,N/A,Fiber,Fiber,0.62,drinkingwater,0.26,1.8148,0.1612,1.125176
http://dce2.au.dk/pub/SR291.pdf ,5|http://dce2.au.dk/pub/SR291.pdf ,N/A,Fiber,Fiber,0.86,drinkingwater,0.14,0.9772,0.1204,0.840392
http://dce2.au.dk/pub/SR291.pdf ,6|http://dce2.au.dk/pub/SR291.pdf ,N/A,Fiber,Fiber,0.9,drinkingwater,0.22,1.5356,0.198,1.38204
http://dce2.au.dk/pub/SR291.pdf ,7|http://dce2.au.dk/pub/SR291.pdf ,N/A,Fiber,Fiber,1,drinkingwater,0.2,1.396,0.2,1.396
http://dce2.au.dk/pub/SR291.pdf ,8|http://dce2.au.dk/pub/SR291.pdf ,N/A,Fiber,Fiber,0.67,drinkingwater,0.6,4.188,0.402,2.80596
http://dce2.au.dk/pub/SR291.pdf ,9|http://dce2.au.dk/pub/SR291.pdf ,N/A,Fiber,Fiber,0.84,drinkingwater,0.24,1.6752,0.2016,1.407168
http://dce2.au.dk/pub/SR291.pdf ,10|http://dce2.au.dk/pub/SR291.pdf ,N/A,Fiber,Fiber,1,drinkingwater,0.26,1.8148,0.26,1.8148
http://dce2.au.dk/pub/SR291.pdf ,11|http://dce2.au.dk/pub/SR291.pdf ,N/A,Fiber,Fiber,1,drinkingwater,0.22,1.5356,0.22,1.5356
http://dce2.au.dk/pub/SR291.pdf ,12|http://dce2.au.dk/pub/SR291.pdf ,N/A,Fiber,Fiber,0.74,drinkingwater,0.54,3.7692,0.3996,2.789208
http://dce2.au.dk/pub/SR291.pdf ,13|http://dce2.au.dk/pub/SR291.pdf ,N/A,Fiber,Fiber,1,drinkingwater,0.18,1.2564,0.18,1.2564
http://dce2.au.dk/pub/SR291.pdf ,14|http://dce2.au.dk/pub/SR291.pdf ,N/A,Fiber,Fiber,1,drinkingwater,0.08,0.5584,0.08,0.5584
http://dce2.au.dk/pub/SR291.pdf ,15|http://dce2.au.dk/pub/SR291.pdf ,N/A,Fiber,Fiber,0.74,drinkingwater,0.38,2.6524,0.2812,1.962776
http://dce2.au.dk/pub/SR291.pdf ,16|http://dce2.au.dk/pub/SR291.pdf ,N/A,Fiber,Fiber,0.7,drinkingwater,0.34,2.3732,0.238,1.66124
http://dce2.au.dk/pub/SR291.pdf ,17|http://dce2.au.dk/pub/SR291.pdf ,N/A,Fiber,Fiber,0.92,drinkingwater,0.26,1.8148,0.2392,1.669616
10.3389/fchem.2018.00407,IB|101119.10.3389/fchem.2018.00407,N/A,Fiber,Fiber,0.13,drinkingwater,37.1,48.23,4.823,6.2699
10.3389/fchem.2018.00407,BB 311019 08: 11 PSRL6|10.3389/fchem.2018.00407,N/A,Fiber,Fiber,0.13,drinkingwater,705,916.5,91.65,119.145
10.3389/fchem.2018.00407,BB 311019 09: 50 STB1|10.3389/fchem.2018.00407,N/A,Fiber,Fiber,0.13,drinkingwater,404,525.2,52.52,68.276
10.3389/fchem.2018.00407,Oct0719|10.3389/fchem.2018.00407,N/A,Fiber,Fiber,0.13,drinkingwater,252,327.6,32.76,42.588
10.3389/fchem.2018.00407,BN7141A04117|10.3389/fchem.2018.00407,N/A,Fiber,Fiber,0.13,drinkingwater,174,226.2,22.62,29.406
10.3389/fchem.2018.00407,HE.B.No 229 (BM/AS)|10.3389/fchem.2018.00407,N/A,Fiber,Fiber,0.13,drinkingwater,826,1073.8,107.38,139.594
10.3389/fchem.2018.00407,MU.N.No.298 (MA/AD)|10.3389/fchem.2018.00407,N/A,Fiber,Fiber,0.13,drinkingwater,213,276.9,27.69,35.997
10.3389/fchem.2018.00407,SO.B No.087 (AS/LB)|10.3389/fchem.2018.00407,N/A,Fiber,Fiber,0.13,drinkingwater,3.72,4.836,0.4836,0.62868
10.3389/fchem.2018.00407,Oct 0118NHBRB|10.3389/fchem.2018.00407,N/A,Fiber,Fiber,0.13,drinkingwater,165,214.5,21.45,27.885
10.3389/fchem.2018.00407,P18NOV17CG3|10.3389/fchem.2018.00407,N/A,Fiber,Fiber,0.13,drinkingwater,74.6,96.98,9.698,12.6074
10.3389/fchem.2018.00407,17.11.18|10.3389/fchem.2018.00407,N/A,Fiber,Fiber,0.13,drinkingwater,686,891.8,89.18,115.934
10.3389/fchem.2018.00407,14.10.18|10.3389/fchem.2018.00407,N/A,Fiber,Fiber,0.13,drinkingwater,20,26,2.6,3.38
10.3389/fchem.2018.00407,09.08.18|10.3389/fchem.2018.00407,N/A,Fiber,Fiber,0.13,drinkingwater,37.3,48.49,4.849,6.3037
10.3389/fchem.2018.00407,PRD 03 21 2017 14:02|10.3389/fchem.2018.00407,N/A,Fiber,Fiber,0.13,drinkingwater,197,256.1,25.61,33.293
10.3389/fchem.2018.00407,PRD 05 24 17 11:29|10.3389/fchem.2018.00407,N/A,Fiber,Fiber,0.13,drinkingwater,58.2,75.66,7.566,9.8358
10.3389/fchem.2018.00407,07.142018 2|10.3389/fchem.2018.00407,N/A,Fiber,Fiber,0.13,drinkingwater,1410,1833,183.3,238.29
10.3389/fchem.2018.00407,NV No. AC-51-07269|10.3389/fchem.2018.00407,N/A,Fiber,Fiber,0.13,drinkingwater,204,265.2,26.52,34.476
10.3389/fchem.2018.00407,FAB: 211017 09:06SP|10.3389/fchem.2018.00407,N/A,Fiber,Fiber,0.13,drinkingwater,40.1,52.13,5.213,6.7769
10.3389/fchem.2018.00407,FAB: 160817 15:05SP|10.3389/fchem.2018.00407,N/A,Fiber,Fiber,0.13,drinkingwater,12.5,16.25,1.625,2.1125
10.3389/fchem.2018.00407,FAB: 091217 16:53SP|10.3389/fchem.2018.00407,N/A,Fiber,Fiber,0.13,drinkingwater,150,195,19.5,25.35
10.3389/fchem.2018.00407,100517 278WF246|10.3389/fchem.2018.00407,N/A,Fiber,Fiber,0.13,drinkingwater,2277,2960.1,296.01,384.813
10.3389/fchem.2018.00407,P: 4/11/17 03:34 AZ|10.3389/fchem.2018.00407,N/A,Fiber,Fiber,0.13,drinkingwater,49.3,64.09,6.409,8.3317
10.3389/fchem.2018.00407,730805210A 23:28|10.3389/fchem.2018.00407,N/A,Fiber,Fiber,0.13,drinkingwater,468,608.4,60.84,79.092
10.3389/fchem.2018.00407,BBE 11.2018 10|10.3389/fchem.2018.00407,N/A,Fiber,Fiber,0.13,drinkingwater,30.3,39.39,3.939,5.1207
10.3389/fchem.2018.00407,20171102 1214JN|10.3389/fchem.2018.00407,N/A,Fiber,Fiber,0.13,drinkingwater,156,202.8,20.28,26.364
10.3389/fchem.2018.00407,20171021 3214GH|10.3389/fchem.2018.00407,N/A,Fiber,Fiber,0.13,drinkingwater,66.7,86.71,8.671,11.2723
10.3389/fchem.2018.00407,20171103 2106WF|10.3389/fchem.2018.00407,N/A,Fiber,Fiber,0.13,drinkingwater,67.1,87.23,8.723,11.3399
10.3390/w12113115,drinking_water|10.3390/w12113115,N/A,Fiber,Fiber,0.802,drinkingwater,105.8,371.358,84.8516,297.829116
10.1016/j.scitotenv.2019.134520,Finished|10.1016/j.scitotenv.2019.134520,N/A,Fiber,Fiber,0.666666667,drinkingwater,930,353.4,620.0000003,235.6000001
10.1016/j.scitotenv.2021.148001,TCQS|10.1016/j.scitotenv.2021.148001,N/A,Fiber,Fiber,0.9071,drinkingwater,0.4,0.4,0.36284,0.36284
10.1016/j.scitotenv.2021.148001,SHN|10.1016/j.scitotenv.2021.148001,N/A,Fiber,Fiber,0.9071,drinkingwater,0.51,0.51,0.462621,0.462621
10.1016/j.scitotenv.2021.148001,CHQ|10.1016/j.scitotenv.2021.148001,N/A,Fiber,Fiber,0.9071,drinkingwater,0.51,0.51,0.462621,0.462621
10.1016/j.scitotenv.2021.148001,CHH|10.1016/j.scitotenv.2021.148001,N/A,Fiber,Fiber,0.9071,drinkingwater,0.55,0.55,0.498905,0.498905
10.1016/j.scitotenv.2021.148001,ZHB|10.1016/j.scitotenv.2021.148001,N/A,Fiber,Fiber,0.9071,drinkingwater,0.6,0.6,0.54426,0.54426
10.1016/j.scitotenv.2021.148001,DAS|10.1016/j.scitotenv.2021.148001,N/A,Fiber,Fiber,0.9071,drinkingwater,0.605,0.605,0.5487955,0.5487955
10.1016/j.scitotenv.2021.148001,XHS|10.1016/j.scitotenv.2021.148001,N/A,Fiber,Fiber,0.9071,drinkingwater,0.63,0.63,0.571473,0.571473
10.1016/j.scitotenv.2021.148001,HNZ|10.1016/j.scitotenv.2021.148001,N/A,Fiber,Fiber,0.9071,drinkingwater,0.75,0.75,0.680325,0.680325
10.1016/j.scitotenv.2021.148001,TCH|10.1016/j.scitotenv.2021.148001,N/A,Fiber,Fiber,0.9071,drinkingwater,0.56,0.56,0.507976,0.507976
10.1016/j.scitotenv.2021.148001,WHH|10.1016/j.scitotenv.2021.148001,N/A,Fiber,Fiber,0.9071,drinkingwater,0.6,0.6,0.54426,0.54426
10.1016/j.scitotenv.2021.148001,Spr|10.1016/j.scitotenv.2021.148001,N/A,Fiber,Fiber,0.9071,drinkingwater,0.39,0.39,0.353769,0.353769
10.1016/j.scitotenv.2021.148001,Sum|10.1016/j.scitotenv.2021.148001,N/A,Fiber,Fiber,0.9071,drinkingwater,0.36,0.36,0.326556,0.326556
10.1016/j.scitotenv.2021.148001,Aut|10.1016/j.scitotenv.2021.148001,N/A,Fiber,Fiber,0.9071,drinkingwater,0.75,0.75,0.680325,0.680325
10.1016/j.scitotenv.2021.148001,Win|10.1016/j.scitotenv.2021.148001,N/A,Fiber,Fiber,0.9071,drinkingwater,0.54,0.54,0.489834,0.489834
10.3389/fchem.2018.00407,IB|101119.10.3389/fchem.2018.00407,N/A,Nurdle,Nurdle,0.03,drinkingwater,37.1,48.23,1.113,1.4469
10.3389/fchem.2018.00407,BB 311019 08: 11 PSRL6|10.3389/fchem.2018.00407,N/A,Nurdle,Nurdle,0.03,drinkingwater,705,916.5,21.15,27.495
10.3389/fchem.2018.00407,BB 311019 09: 50 STB1|10.3389/fchem.2018.00407,N/A,Nurdle,Nurdle,0.03,drinkingwater,404,525.2,12.12,15.756
10.3389/fchem.2018.00407,Oct0719|10.3389/fchem.2018.00407,N/A,Nurdle,Nurdle,0.03,drinkingwater,252,327.6,7.56,9.828
10.3389/fchem.2018.00407,BN7141A04117|10.3389/fchem.2018.00407,N/A,Nurdle,Nurdle,0.03,drinkingwater,174,226.2,5.22,6.786
10.3389/fchem.2018.00407,HE.B.No 229 (BM/AS)|10.3389/fchem.2018.00407,N/A,Nurdle,Nurdle,0.03,drinkingwater,826,1073.8,24.78,32.214
10.3389/fchem.2018.00407,MU.N.No.298 (MA/AD)|10.3389/fchem.2018.00407,N/A,Nurdle,Nurdle,0.03,drinkingwater,213,276.9,6.39,8.307
10.3389/fchem.2018.00407,SO.B No.087 (AS/LB)|10.3389/fchem.2018.00407,N/A,Nurdle,Nurdle,0.03,drinkingwater,3.72,4.836,0.1116,0.14508
10.3389/fchem.2018.00407,Oct 0118NHBRB|10.3389/fchem.2018.00407,N/A,Nurdle,Nurdle,0.03,drinkingwater,165,214.5,4.95,6.435
10.3389/fchem.2018.00407,P18NOV17CG3|10.3389/fchem.2018.00407,N/A,Nurdle,Nurdle,0.03,drinkingwater,74.6,96.98,2.238,2.9094
10.3389/fchem.2018.00407,17.11.18|10.3389/fchem.2018.00407,N/A,Nurdle,Nurdle,0.03,drinkingwater,686,891.8,20.58,26.754
10.3389/fchem.2018.00407,14.10.18|10.3389/fchem.2018.00407,N/A,Nurdle,Nurdle,0.03,drinkingwater,20,26,0.6,0.78
10.3389/fchem.2018.00407,09.08.18|10.3389/fchem.2018.00407,N/A,Nurdle,Nurdle,0.03,drinkingwater,37.3,48.49,1.119,1.4547
10.3389/fchem.2018.00407,PRD 03 21 2017 14:02|10.3389/fchem.2018.00407,N/A,Nurdle,Nurdle,0.03,drinkingwater,197,256.1,5.91,7.683
10.3389/fchem.2018.00407,PRD 05 24 17 11:29|10.3389/fchem.2018.00407,N/A,Nurdle,Nurdle,0.03,drinkingwater,58.2,75.66,1.746,2.2698
10.3389/fchem.2018.00407,07.142018 2|10.3389/fchem.2018.00407,N/A,Nurdle,Nurdle,0.03,drinkingwater,1410,1833,42.3,54.99
10.3389/fchem.2018.00407,NV No. AC-51-07269|10.3389/fchem.2018.00407,N/A,Nurdle,Nurdle,0.03,drinkingwater,204,265.2,6.12,7.956
10.3389/fchem.2018.00407,FAB: 211017 09:06SP|10.3389/fchem.2018.00407,N/A,Nurdle,Nurdle,0.03,drinkingwater,40.1,52.13,1.203,1.5639
10.3389/fchem.2018.00407,FAB: 160817 15:05SP|10.3389/fchem.2018.00407,N/A,Nurdle,Nurdle,0.03,drinkingwater,12.5,16.25,0.375,0.4875
10.3389/fchem.2018.00407,FAB: 091217 16:53SP|10.3389/fchem.2018.00407,N/A,Nurdle,Nurdle,0.03,drinkingwater,150,195,4.5,5.85
10.3389/fchem.2018.00407,100517 278WF246|10.3389/fchem.2018.00407,N/A,Nurdle,Nurdle,0.03,drinkingwater,2277,2960.1,68.31,88.803
10.3389/fchem.2018.00407,P: 4/11/17 03:34 AZ|10.3389/fchem.2018.00407,N/A,Nurdle,Nurdle,0.03,drinkingwater,49.3,64.09,1.479,1.9227
10.3389/fchem.2018.00407,730805210A 23:28|10.3389/fchem.2018.00407,N/A,Nurdle,Nurdle,0.03,drinkingwater,468,608.4,14.04,18.252
10.3389/fchem.2018.00407,BBE 11.2018 10|10.3389/fchem.2018.00407,N/A,Nurdle,Nurdle,0.03,drinkingwater,30.3,39.39,0.909,1.1817
10.3389/fchem.2018.00407,20171102 1214JN|10.3389/fchem.2018.00407,N/A,Nurdle,Nurdle,0.03,drinkingwater,156,202.8,4.68,6.084
10.3389/fchem.2018.00407,20171021 3214GH|10.3389/fchem.2018.00407,N/A,Nurdle,Nurdle,0.03,drinkingwater,66.7,86.71,2.001,2.6013
10.3389/fchem.2018.00407,20171103 2106WF|10.3389/fchem.2018.00407,N/A,Nurdle,Nurdle,0.03,drinkingwater,67.1,87.23,2.013,2.6169
10.3390/w12113115,drinking_water|10.3390/w12113115,N/A,Nurdle,Nurdle,0.191,drinkingwater,105.8,371.358,20.2078,70.929378
10.1016/j.scitotenv.2021.148001,TCQS|10.1016/j.scitotenv.2021.148001,N/A,Nurdle,Nurdle,0.0036,drinkingwater,0.4,0.4,0.00144,0.00144
10.1016/j.scitotenv.2021.148001,SHN|10.1016/j.scitotenv.2021.148001,N/A,Nurdle,Nurdle,0.0036,drinkingwater,0.51,0.51,0.001836,0.001836
10.1016/j.scitotenv.2021.148001,CHQ|10.1016/j.scitotenv.2021.148001,N/A,Nurdle,Nurdle,0.0036,drinkingwater,0.51,0.51,0.001836,0.001836
10.1016/j.scitotenv.2021.148001,CHH|10.1016/j.scitotenv.2021.148001,N/A,Nurdle,Nurdle,0.0036,drinkingwater,0.55,0.55,0.00198,0.00198
10.1016/j.scitotenv.2021.148001,ZHB|10.1016/j.scitotenv.2021.148001,N/A,Nurdle,Nurdle,0.0036,drinkingwater,0.6,0.6,0.00216,0.00216
10.1016/j.scitotenv.2021.148001,DAS|10.1016/j.scitotenv.2021.148001,N/A,Nurdle,Nurdle,0.0036,drinkingwater,0.605,0.605,0.002178,0.002178
10.1016/j.scitotenv.2021.148001,XHS|10.1016/j.scitotenv.2021.148001,N/A,Nurdle,Nurdle,0.0036,drinkingwater,0.63,0.63,0.002268,0.002268
10.1016/j.scitotenv.2021.148001,HNZ|10.1016/j.scitotenv.2021.148001,N/A,Nurdle,Nurdle,0.0036,drinkingwater,0.75,0.75,0.0027,0.0027
10.1016/j.scitotenv.2021.148001,TCH|10.1016/j.scitotenv.2021.148001,N/A,Nurdle,Nurdle,0.0036,drinkingwater,0.56,0.56,0.002016,0.002016
10.1016/j.scitotenv.2021.148001,WHH|10.1016/j.scitotenv.2021.148001,N/A,Nurdle,Nurdle,0.0036,drinkingwater,0.6,0.6,0.00216,0.00216
10.1016/j.scitotenv.2021.148001,Spr|10.1016/j.scitotenv.2021.148001,N/A,Nurdle,Nurdle,0.0036,drinkingwater,0.39,0.39,0.001404,0.001404
10.1016/j.scitotenv.2021.148001,Sum|10.1016/j.scitotenv.2021.148001,N/A,Nurdle,Nurdle,0.0036,drinkingwater,0.36,0.36,0.001296,0.001296
10.1016/j.scitotenv.2021.148001,Aut|10.1016/j.scitotenv.2021.148001,N/A,Nurdle,Nurdle,0.0036,drinkingwater,0.75,0.75,0.0027,0.0027
10.1016/j.scitotenv.2021.148001,Win|10.1016/j.scitotenv.2021.148001,N/A,Nurdle,Nurdle,0.0036,drinkingwater,0.54,0.54,0.001944,0.001944
http://dce2.au.dk/pub/SR291.pdf ,1|http://dce2.au.dk/pub/SR291.pdf ,1a|http://dce2.au.dk/pub/SR291.pdf ,Film,Film,0.03,drinkingwater,0.58,4.0484,0.0174,0.121452
http://dce2.au.dk/pub/SR291.pdf ,2|http://dce2.au.dk/pub/SR291.pdf ,N/A,Film,Film,0.06,drinkingwater,0.32,2.2336,0.0192,0.134016
http://dce2.au.dk/pub/SR291.pdf ,4|http://dce2.au.dk/pub/SR291.pdf ,N/A,Film,Film,0.31,drinkingwater,0.26,1.8148,0.0806,0.562588
http://dce2.au.dk/pub/SR291.pdf ,8|http://dce2.au.dk/pub/SR291.pdf ,N/A,Film,Film,0.1,drinkingwater,0.6,4.188,0.06,0.4188
http://dce2.au.dk/pub/SR291.pdf ,9|http://dce2.au.dk/pub/SR291.pdf ,N/A,Film,Film,0.08,drinkingwater,0.24,1.6752,0.0192,0.134016
10.3389/fchem.2018.00407,IB|101119.10.3389/fchem.2018.00407,N/A,Film,Film,0.14,drinkingwater,37.1,48.23,5.194,6.7522
10.3389/fchem.2018.00407,BB 311019 08: 11 PSRL6|10.3389/fchem.2018.00407,N/A,Film,Film,0.14,drinkingwater,705,916.5,98.7,128.31
10.3389/fchem.2018.00407,BB 311019 09: 50 STB1|10.3389/fchem.2018.00407,N/A,Film,Film,0.14,drinkingwater,404,525.2,56.56,73.528
10.3389/fchem.2018.00407,Oct0719|10.3389/fchem.2018.00407,N/A,Film,Film,0.14,drinkingwater,252,327.6,35.28,45.864
10.3389/fchem.2018.00407,BN7141A04117|10.3389/fchem.2018.00407,N/A,Film,Film,0.14,drinkingwater,174,226.2,24.36,31.668
10.3389/fchem.2018.00407,HE.B.No 229 (BM/AS)|10.3389/fchem.2018.00407,N/A,Film,Film,0.14,drinkingwater,826,1073.8,115.64,150.332
10.3389/fchem.2018.00407,MU.N.No.298 (MA/AD)|10.3389/fchem.2018.00407,N/A,Film,Film,0.14,drinkingwater,213,276.9,29.82,38.766
10.3389/fchem.2018.00407,SO.B No.087 (AS/LB)|10.3389/fchem.2018.00407,N/A,Film,Film,0.14,drinkingwater,3.72,4.836,0.5208,0.67704
10.3389/fchem.2018.00407,Oct 0118NHBRB|10.3389/fchem.2018.00407,N/A,Film,Film,0.14,drinkingwater,165,214.5,23.1,30.03
10.3389/fchem.2018.00407,P18NOV17CG3|10.3389/fchem.2018.00407,N/A,Film,Film,0.14,drinkingwater,74.6,96.98,10.444,13.5772
10.3389/fchem.2018.00407,17.11.18|10.3389/fchem.2018.00407,N/A,Film,Film,0.14,drinkingwater,686,891.8,96.04,124.852
10.3389/fchem.2018.00407,14.10.18|10.3389/fchem.2018.00407,N/A,Film,Film,0.14,drinkingwater,20,26,2.8,3.64
10.3389/fchem.2018.00407,09.08.18|10.3389/fchem.2018.00407,N/A,Film,Film,0.14,drinkingwater,37.3,48.49,5.222,6.7886
10.3389/fchem.2018.00407,PRD 03 21 2017 14:02|10.3389/fchem.2018.00407,N/A,Film,Film,0.14,drinkingwater,197,256.1,27.58,35.854
10.3389/fchem.2018.00407,PRD 05 24 17 11:29|10.3389/fchem.2018.00407,N/A,Film,Film,0.14,drinkingwater,58.2,75.66,8.148,10.5924
10.3389/fchem.2018.00407,07.142018 2|10.3389/fchem.2018.00407,N/A,Film,Film,0.14,drinkingwater,1410,1833,197.4,256.62
10.3389/fchem.2018.00407,NV No. AC-51-07269|10.3389/fchem.2018.00407,N/A,Film,Film,0.14,drinkingwater,204,265.2,28.56,37.128
10.3389/fchem.2018.00407,FAB: 211017 09:06SP|10.3389/fchem.2018.00407,N/A,Film,Film,0.14,drinkingwater,40.1,52.13,5.614,7.2982
10.3389/fchem.2018.00407,FAB: 160817 15:05SP|10.3389/fchem.2018.00407,N/A,Film,Film,0.14,drinkingwater,12.5,16.25,1.75,2.275
10.3389/fchem.2018.00407,FAB: 091217 16:53SP|10.3389/fchem.2018.00407,N/A,Film,Film,0.14,drinkingwater,150,195,21,27.3
10.3389/fchem.2018.00407,100517 278WF246|10.3389/fchem.2018.00407,N/A,Film,Film,0.14,drinkingwater,2277,2960.1,318.78,414.414
10.3389/fchem.2018.00407,P: 4/11/17 03:34 AZ|10.3389/fchem.2018.00407,N/A,Film,Film,0.14,drinkingwater,49.3,64.09,6.902,8.9726
10.3389/fchem.2018.00407,730805210A 23:28|10.3389/fchem.2018.00407,N/A,Film,Film,0.14,drinkingwater,468,608.4,65.52,85.176
10.3389/fchem.2018.00407,BBE 11.2018 10|10.3389/fchem.2018.00407,N/A,Film,Film,0.14,drinkingwater,30.3,39.39,4.242,5.5146
10.3389/fchem.2018.00407,20171102 1214JN|10.3389/fchem.2018.00407,N/A,Film,Film,0.14,drinkingwater,156,202.8,21.84,28.392
10.3389/fchem.2018.00407,20171021 3214GH|10.3389/fchem.2018.00407,N/A,Film,Film,0.14,drinkingwater,66.7,86.71,9.338,12.1394
10.3389/fchem.2018.00407,20171103 2106WF|10.3389/fchem.2018.00407,N/A,Film,Film,0.14,drinkingwater,67.1,87.23,9.394,12.2122
10.3390/w12113115,drinking_water|10.3390/w12113115,N/A,Film,Film,0.007,drinkingwater,105.8,371.358,0.7406,2.599506
10.3389/fchem.2018.00407,IB|101119.10.3389/fchem.2018.00407,N/A,Foam,Foam,0.05,drinkingwater,37.1,48.23,1.855,2.4115
10.3389/fchem.2018.00407,BB 311019 08: 11 PSRL6|10.3389/fchem.2018.00407,N/A,Foam,Foam,0.05,drinkingwater,705,916.5,35.25,45.825
10.3389/fchem.2018.00407,BB 311019 09: 50 STB1|10.3389/fchem.2018.00407,N/A,Foam,Foam,0.05,drinkingwater,404,525.2,20.2,26.26
10.3389/fchem.2018.00407,Oct0719|10.3389/fchem.2018.00407,N/A,Foam,Foam,0.05,drinkingwater,252,327.6,12.6,16.38
10.3389/fchem.2018.00407,BN7141A04117|10.3389/fchem.2018.00407,N/A,Foam,Foam,0.05,drinkingwater,174,226.2,8.7,11.31
10.3389/fchem.2018.00407,HE.B.No 229 (BM/AS)|10.3389/fchem.2018.00407,N/A,Foam,Foam,0.05,drinkingwater,826,1073.8,41.3,53.69
10.3389/fchem.2018.00407,MU.N.No.298 (MA/AD)|10.3389/fchem.2018.00407,N/A,Foam,Foam,0.05,drinkingwater,213,276.9,10.65,13.845
10.3389/fchem.2018.00407,SO.B No.087 (AS/LB)|10.3389/fchem.2018.00407,N/A,Foam,Foam,0.05,drinkingwater,3.72,4.836,0.186,0.2418
10.3389/fchem.2018.00407,Oct 0118NHBRB|10.3389/fchem.2018.00407,N/A,Foam,Foam,0.05,drinkingwater,165,214.5,8.25,10.725
10.3389/fchem.2018.00407,P18NOV17CG3|10.3389/fchem.2018.00407,N/A,Foam,Foam,0.05,drinkingwater,74.6,96.98,3.73,4.849
10.3389/fchem.2018.00407,17.11.18|10.3389/fchem.2018.00407,N/A,Foam,Foam,0.05,drinkingwater,686,891.8,34.3,44.59
10.3389/fchem.2018.00407,14.10.18|10.3389/fchem.2018.00407,N/A,Foam,Foam,0.05,drinkingwater,20,26,1,1.3
10.3389/fchem.2018.00407,09.08.18|10.3389/fchem.2018.00407,N/A,Foam,Foam,0.05,drinkingwater,37.3,48.49,1.865,2.4245
10.3389/fchem.2018.00407,PRD 03 21 2017 14:02|10.3389/fchem.2018.00407,N/A,Foam,Foam,0.05,drinkingwater,197,256.1,9.85,12.805
10.3389/fchem.2018.00407,PRD 05 24 17 11:29|10.3389/fchem.2018.00407,N/A,Foam,Foam,0.05,drinkingwater,58.2,75.66,2.91,3.783
10.3389/fchem.2018.00407,07.142018 2|10.3389/fchem.2018.00407,N/A,Foam,Foam,0.05,drinkingwater,1410,1833,70.5,91.65
10.3389/fchem.2018.00407,NV No. AC-51-07269|10.3389/fchem.2018.00407,N/A,Foam,Foam,0.05,drinkingwater,204,265.2,10.2,13.26
10.3389/fchem.2018.00407,FAB: 211017 09:06SP|10.3389/fchem.2018.00407,N/A,Foam,Foam,0.05,drinkingwater,40.1,52.13,2.005,2.6065
10.3389/fchem.2018.00407,FAB: 160817 15:05SP|10.3389/fchem.2018.00407,N/A,Foam,Foam,0.05,drinkingwater,12.5,16.25,0.625,0.8125
10.3389/fchem.2018.00407,FAB: 091217 16:53SP|10.3389/fchem.2018.00407,N/A,Foam,Foam,0.05,drinkingwater,150,195,7.5,9.75
10.3389/fchem.2018.00407,100517 278WF246|10.3389/fchem.2018.00407,N/A,Foam,Foam,0.05,drinkingwater,2277,2960.1,113.85,148.005
10.3389/fchem.2018.00407,P: 4/11/17 03:34 AZ|10.3389/fchem.2018.00407,N/A,Foam,Foam,0.05,drinkingwater,49.3,64.09,2.465,3.2045
10.3389/fchem.2018.00407,730805210A 23:28|10.3389/fchem.2018.00407,N/A,Foam,Foam,0.05,drinkingwater,468,608.4,23.4,30.42
10.3389/fchem.2018.00407,BBE 11.2018 10|10.3389/fchem.2018.00407,N/A,Foam,Foam,0.05,drinkingwater,30.3,39.39,1.515,1.9695
10.3389/fchem.2018.00407,20171102 1214JN|10.3389/fchem.2018.00407,N/A,Foam,Foam,0.05,drinkingwater,156,202.8,7.8,10.14
10.3389/fchem.2018.00407,20171021 3214GH|10.3389/fchem.2018.00407,N/A,Foam,Foam,0.05,drinkingwater,66.7,86.71,3.335,4.3355
10.3389/fchem.2018.00407,20171103 2106WF|10.3389/fchem.2018.00407,N/A,Foam,Foam,0.05,drinkingwater,67.1,87.23,3.355,4.3615
10.1016/j.scitotenv.2021.148001,TCQS|10.1016/j.scitotenv.2021.148001,N/A,Foam,Foam,8.00E-04,drinkingwater,0.4,0.4,0.00032,0.00032
10.1016/j.scitotenv.2021.148001,SHN|10.1016/j.scitotenv.2021.148001,N/A,Foam,Foam,8.00E-04,drinkingwater,0.51,0.51,0.000408,0.000408
10.1016/j.scitotenv.2021.148001,CHQ|10.1016/j.scitotenv.2021.148001,N/A,Foam,Foam,8.00E-04,drinkingwater,0.51,0.51,0.000408,0.000408
10.1016/j.scitotenv.2021.148001,CHH|10.1016/j.scitotenv.2021.148001,N/A,Foam,Foam,8.00E-04,drinkingwater,0.55,0.55,0.00044,0.00044
10.1016/j.scitotenv.2021.148001,ZHB|10.1016/j.scitotenv.2021.148001,N/A,Foam,Foam,8.00E-04,drinkingwater,0.6,0.6,0.00048,0.00048
10.1016/j.scitotenv.2021.148001,DAS|10.1016/j.scitotenv.2021.148001,N/A,Foam,Foam,8.00E-04,drinkingwater,0.605,0.605,0.000484,0.000484
10.1016/j.scitotenv.2021.148001,XHS|10.1016/j.scitotenv.2021.148001,N/A,Foam,Foam,8.00E-04,drinkingwater,0.63,0.63,0.000504,0.000504
10.1016/j.scitotenv.2021.148001,HNZ|10.1016/j.scitotenv.2021.148001,N/A,Foam,Foam,8.00E-04,drinkingwater,0.75,0.75,6.00E-04,6.00E-04
10.1016/j.scitotenv.2021.148001,TCH|10.1016/j.scitotenv.2021.148001,N/A,Foam,Foam,8.00E-04,drinkingwater,0.56,0.56,0.000448,0.000448
10.1016/j.scitotenv.2021.148001,WHH|10.1016/j.scitotenv.2021.148001,N/A,Foam,Foam,8.00E-04,drinkingwater,0.6,0.6,0.00048,0.00048
10.1016/j.scitotenv.2021.148001,Spr|10.1016/j.scitotenv.2021.148001,N/A,Foam,Foam,8.00E-04,drinkingwater,0.39,0.39,0.000312,0.000312
10.1016/j.scitotenv.2021.148001,Sum|10.1016/j.scitotenv.2021.148001,N/A,Foam,Foam,8.00E-04,drinkingwater,0.36,0.36,0.000288,0.000288
10.1016/j.scitotenv.2021.148001,Aut|10.1016/j.scitotenv.2021.148001,N/A,Foam,Foam,8.00E-04,drinkingwater,0.75,0.75,6.00E-04,6.00E-04
10.1016/j.scitotenv.2021.148001,Win|10.1016/j.scitotenv.2021.148001,N/A,Foam,Foam,8.00E-04,drinkingwater,0.54,0.54,0.000432,0.000432
10.1016/j.scitotenv.2019.134520,Finished|10.1016/j.scitotenv.2019.134520,N/A,Sphere,Sphere,0.088172043,drinkingwater,930,353.4,81.99999999,31.16
10.1016/j.scitotenv.2021.148001,TCQS|10.1016/j.scitotenv.2021.148001,N/A,Film,Sheet,0.0113,drinkingwater,0.4,0.4,0.00452,0.00452
10.1016/j.scitotenv.2021.148001,SHN|10.1016/j.scitotenv.2021.148001,N/A,Film,Sheet,0.0113,drinkingwater,0.51,0.51,0.005763,0.005763
10.1016/j.scitotenv.2021.148001,CHQ|10.1016/j.scitotenv.2021.148001,N/A,Film,Sheet,0.0113,drinkingwater,0.51,0.51,0.005763,0.005763
10.1016/j.scitotenv.2021.148001,CHH|10.1016/j.scitotenv.2021.148001,N/A,Film,Sheet,0.0113,drinkingwater,0.55,0.55,0.006215,0.006215
10.1016/j.scitotenv.2021.148001,ZHB|10.1016/j.scitotenv.2021.148001,N/A,Film,Sheet,0.0113,drinkingwater,0.6,0.6,0.00678,0.00678
10.1016/j.scitotenv.2021.148001,DAS|10.1016/j.scitotenv.2021.148001,N/A,Film,Sheet,0.0113,drinkingwater,0.605,0.605,0.0068365,0.0068365
10.1016/j.scitotenv.2021.148001,XHS|10.1016/j.scitotenv.2021.148001,N/A,Film,Sheet,0.0113,drinkingwater,0.63,0.63,0.007119,0.007119
10.1016/j.scitotenv.2021.148001,HNZ|10.1016/j.scitotenv.2021.148001,N/A,Film,Sheet,0.0113,drinkingwater,0.75,0.75,0.008475,0.008475
10.1016/j.scitotenv.2021.148001,TCH|10.1016/j.scitotenv.2021.148001,N/A,Film,Sheet,0.0113,drinkingwater,0.56,0.56,0.006328,0.006328
10.1016/j.scitotenv.2021.148001,WHH|10.1016/j.scitotenv.2021.148001,N/A,Film,Sheet,0.0113,drinkingwater,0.6,0.6,0.00678,0.00678
10.1016/j.scitotenv.2021.148001,Spr|10.1016/j.scitotenv.2021.148001,N/A,Film,Sheet,0.0113,drinkingwater,0.39,0.39,0.004407,0.004407
10.1016/j.scitotenv.2021.148001,Sum|10.1016/j.scitotenv.2021.148001,N/A,Film,Sheet,0.0113,drinkingwater,0.36,0.36,0.004068,0.004068
10.1016/j.scitotenv.2021.148001,Aut|10.1016/j.scitotenv.2021.148001,N/A,Film,Sheet,0.0113,drinkingwater,0.75,0.75,0.008475,0.008475
10.1016/j.scitotenv.2021.148001,Win|10.1016/j.scitotenv.2021.148001,N/A,Film,Sheet,0.0113,drinkingwater,0.54,0.54,0.006102,0.006102
doi.org/10.1016/j.envpol.2018.06.033,Grab24|doi.org/10.1016/j.envpol.2018.06.033,N/A,Film,films,0.5,river,1.108,0.29916,0.554,0.14958
doi.org/10.1016/j.envpol.2018.06.033,Grab1|doi.org/10.1016/j.envpol.2018.06.033,N/A,Film,films,0.5,river,1.1116,0.300132,0.5558,0.150066
doi.org/10.1016/j.envpol.2018.06.033,Net12|doi.org/10.1016/j.envpol.2018.06.033,N/A,Film,films,0.166666667,river,0.009492,0.00256284,0.001582,0.00042714
doi.org/10.1016/j.envpol.2018.06.033,Net2|doi.org/10.1016/j.envpol.2018.06.033,N/A,Film,films,0.749890303,river,0.002278,0.00061506,0.00170825,0.000461228
doi.org/10.1016/j.envpol.2018.06.033,Net9|doi.org/10.1016/j.envpol.2018.06.033,N/A,Film,films,0.500736618,river,0.00479,0.0012933,0.002398528,0.000647603
doi.org/10.1016/j.envpol.2018.06.033,Net10|doi.org/10.1016/j.envpol.2018.06.033,N/A,Film,films,0.25019305,river,0.000611,0.00016497,0.000152868,4.13E-05
doi.org/10.1016/j.envpol.2018.06.033,Net15|doi.org/10.1016/j.envpol.2018.06.033,N/A,Film,films,0.679579149,river,0.001271,0.00034317,0.000863745,0.000233211
doi.org/10.1016/j.envpol.2018.06.033,Net18|doi.org/10.1016/j.envpol.2018.06.033,N/A,Film,films,0.665973666,river,0.001934,0.00052218,0.001287993,0.000347758
doi.org/10.1016/j.envpol.2018.06.033,Net19|doi.org/10.1016/j.envpol.2018.06.033,N/A,Film,films,0.5,river,0.001444,0.00038988,0.000722,0.00019494
doi.org/10.1016/j.envpol.2018.06.033,Net20|doi.org/10.1016/j.envpol.2018.06.033,N/A,Film,films,0.200279135,river,0.001094,0.00029538,0.000219105,5.92E-05
doi.org/10.1016/j.envpol.2018.06.033,Net3|doi.org/10.1016/j.envpol.2018.06.033,N/A,Film,films,0.11122449,river,0.00098,0.0002646,0.000109,2.94E-05
doi.org/10.1016/j.envpol.2018.06.033,Net16|doi.org/10.1016/j.envpol.2018.06.033,N/A,Film,films,0.333402147,river,0.002132,0.00057564,0.000710813,0.00019192
doi.org/10.1016/j.envpol.2018.06.033,Net13|doi.org/10.1016/j.envpol.2018.06.033,N/A,Film,films,0.862116788,river,0.001386,0.00037422,0.001194894,0.000322621
doi.org/10.1016/j.envpol.2018.06.033,Net14|doi.org/10.1016/j.envpol.2018.06.033,N/A,Film,films,0.199842644,river,0.013701,0.00369927,0.002738044,0.000739272
doi.org/10.1016/j.envpol.2018.06.033,Net24|doi.org/10.1016/j.envpol.2018.06.033,N/A,Film,films,0.076957797,river,0.002925,0.00078975,0.000225102,6.08E-05
doi.org/10.1016/j.envpol.2018.06.033,Net11|doi.org/10.1016/j.envpol.2018.06.033,N/A,Film,films,0.791885115,river,0.001294,0.00034938,0.001024699,0.000276669
doi.org/10.3389/frans.2022.857694,doi.org/10.3389/frans.2022.857694|SanMarcos,N/A,Fragment,fragments,0.005347594,river,233.75,157330.1125,1.250000098,841.3375656
doi.org/10.3389/frans.2022.857694,doi.org/10.3389/frans.2022.857694|Waco,N/A,Fragment,fragments,0.049773756,river,828.75,557806.7625,41.25000029,27764.13769
doi.org/10.3389/frans.2022.857694,doi.org/10.3389/frans.2022.857694|Wilsons,N/A,Fragment,fragments,0.066666667,river,131.25,88340.4375,8.750000044,5889.362529
doi.org/10.1021/acs.est.9b04896,doi.org/10.1021/acs.est.9b04896 | 401,N/A,Fragment,fragments,0.04,river,2,1787.64,0.08,71.5056
doi.org/10.1021/acs.est.9b04896,doi.org/10.1021/acs.est.9b04896 | 391,N/A,Fragment,fragments,0.90909,river,20,17876.4,18.1818,16251.25648
doi.org/10.1021/acs.est.9b04896,doi.org/10.1021/acs.est.9b04896 | 393,N/A,Fragment,fragments,0.392857143,river,22,19664.04,8.642857146,7725.158574
doi.org/10.1021/acs.est.9b04896,doi.org/10.1021/acs.est.9b04896 | 418,N/A,Fragment,fragments,0.16,river,22,19664.04,3.52,3146.2464
doi.org/10.1021/acs.est.9b04896,doi.org/10.1021/acs.est.9b04896 | 417,N/A,Fragment,fragments,0.545454545,river,24,21451.68,13.09090908,11700.91635
doi.org/10.1021/acs.est.9b04896,doi.org/10.1021/acs.est.9b04896 | 412,N/A,Fragment,fragments,0.24,river,24,21451.68,5.76,5148.4032
doi.org/10.1021/acs.est.9b04896,doi.org/10.1021/acs.est.9b04896 | 422,N/A,Fragment,fragments,0.196721311,river,24,21451.68,4.721311464,4220.002613
doi.org/10.1021/acs.est.9b04896,doi.org/10.1021/acs.est.9b04896 | 426,N/A,Fragment,fragments,0.565789474,river,258,230605.56,145.9736843,130474.1985
doi.org/10.1021/acs.est.9b04896,doi.org/10.1021/acs.est.9b04896 | 413,N/A,Fragment,fragments,0.5625,river,36,32177.52,20.25,18099.855
doi.org/10.1021/acs.est.9b04896,doi.org/10.1021/acs.est.9b04896 | 396,N/A,Fragment,fragments,0.387755102,river,38,33965.16,14.73469388,13170.16408
doi.org/10.1021/acs.est.9b04896,doi.org/10.1021/acs.est.9b04896 | 410,N/A,Fragment,fragments,0.333333333,river,4,3575.28,1.333333332,1191.759999
doi.org/10.1021/acs.est.9b04896,doi.org/10.1021/acs.est.9b04896 | 423,N/A,Fragment,fragments,0.028571429,river,4,3575.28,0.114285716,102.1508587
doi.org/10.1021/acs.est.9b04896,doi.org/10.1021/acs.est.9b04896 | 424,N/A,Fragment,fragments,0.181818182,river,4,3575.28,0.727272728,650.0509097
doi.org/10.1021/acs.est.9b04896,doi.org/10.1021/acs.est.9b04896 | 421,N/A,Fragment,fragments,0.84375,river,50,44691,42.1875,37708.03125
doi.org/10.1021/acs.est.9b04896,doi.org/10.1021/acs.est.9b04896 | 427,N/A,Fragment,fragments,0.613636364,river,54,48266.28,33.13636366,29617.94456
doi.org/10.1021/acs.est.9b04896,doi.org/10.1021/acs.est.9b04896 | 386,N/A,Fragment,fragments,0.214285714,river,6,5362.92,1.285714284,1149.197141
doi.org/10.1021/acs.est.9b04896,doi.org/10.1021/acs.est.9b04896 | 389,N/A,Fragment,fragments,0.2,river,6,5362.92,1.2,1072.584
doi.org/10.1021/acs.est.9b04896,doi.org/10.1021/acs.est.9b04896 | 406,N/A,Fragment,fragments,0.078947368,river,6,5362.92,0.473684208,423.3884188
doi.org/10.1021/acs.est.9b04896,doi.org/10.1021/acs.est.9b04896 | 411,N/A,Fragment,fragments,0.078947368,river,6,5362.92,0.473684208,423.3884188
doi.org/10.1021/acs.est.9b04896,doi.org/10.1021/acs.est.9b04896 | 400,N/A,Fragment,fragments,0.048387097,river,6,5362.92,0.290322582,259.4961302
doi.org/10.1021/acs.est.9b04896,doi.org/10.1021/acs.est.9b04896 | 420,N/A,Fragment,fragments,0.222222222,river,8,7150.56,1.777777776,1589.013332
doi.org/10.1021/acs.est.9b04896,doi.org/10.1021/acs.est.9b04896 | 428,N/A,Fragment,fragments,0.373831776,river,80,71505.6,29.90654208,26731.06544
doi.org/10.1021/acs.est.9b04896,doi.org/10.1021/acs.est.9b04896 | 388,N/A,Fragment,fragments,0.3125,river,10,8938.2,3.125,2793.1875
doi.org/10.1021/acs.est.9b04896,doi.org/10.1021/acs.est.9b04896 | 415,N/A,Fragment,fragments,2.208333333,river,106,94744.92,234.0833333,209228.365
doi.org/10.1021/acs.est.9b04896,doi.org/10.1021/acs.est.9b04896 | 407,N/A,Fragment,fragments,0.285714286,river,12,10725.84,3.428571432,3064.525717
doi.org/10.1021/acs.est.9b04896,doi.org/10.1021/acs.est.9b04896 | 402,N/A,Fragment,fragments,0.113207547,river,12,10725.84,1.358490564,1214.246036
doi.org/10.1021/acs.est.9b04896,doi.org/10.1021/acs.est.9b04896 | 399,N/A,Fragment,fragments,0.111111111,river,12,10725.84,1.333333332,1191.759999
doi.org/10.1021/acs.est.9b04896,doi.org/10.1021/acs.est.9b04896 | 404,N/A,Fragment,fragments,0.318181818,river,14,12513.48,4.454545452,3981.561816
doi.org/10.1021/acs.est.9b04896,doi.org/10.1021/acs.est.9b04896 | 425,N/A,Fragment,fragments,0.259259259,river,14,12513.48,3.629629626,3244.235552
doi.org/10.1021/acs.est.9b04896,doi.org/10.1021/acs.est.9b04896 | 395,N/A,Fragment,fragments,0.076086957,river,14,12513.48,1.065217398,952.1126147
doi.org/10.1021/acs.est.9b04896,doi.org/10.1021/acs.est.9b04896 | 409,N/A,Fragment,fragments,0.285714286,river,16,14301.12,4.571428576,4086.03429
doi.org/10.1021/acs.est.9b04896,doi.org/10.1021/acs.est.9b04896 | 390,N/A,Fragment,fragments,0.242424242,river,16,14301.12,3.878787872,3466.938176
doi.org/10.1021/acs.est.9b04896,doi.org/10.1021/acs.est.9b04896 | 419,N/A,Fragment,fragments,0.470588235,river,16,14301.12,7.52941176,6729.938819
doi.org/10.1016/j.jwpe.2020.101640,Average|doi.org/10.1016/j.jwpe.2020.101640,N/A,Fragment,fragments,0.8,river,63,74898335.61,50.4,59918668.49
doi.org/10.1016/j.jwpe.2020.101640,James|doi.org/10.1016/j.jwpe.2020.101640,N/A,Fragment,fragments,0.8,river,36,42799048.92,28.8,34239239.14
doi.org/10.1016/j.jwpe.2020.101640,Roanoke|doi.org/10.1016/j.jwpe.2020.101640,N/A,Fragment,fragments,0.8,river,180,213995244.6,144,171196195.7
doi.org/10.1016/j.jwpe.2020.101640,Stroubles|doi.org/10.1016/j.jwpe.2020.101640,N/A,Fragment,fragments,0.8,river,17,20210661.99,13.6,16168529.59
doi.org/10.1016/j.envpol.2018.06.033,Grab10|doi.org/10.1016/j.envpol.2018.06.033,N/A,Fragment,fragments,1,river,0.632,0.17064,0.632,0.17064
doi.org/10.1016/j.envpol.2018.06.033,Grab13|doi.org/10.1016/j.envpol.2018.06.033,N/A,Fragment,fragments,1,river,0.536,0.14472,0.536,0.14472
doi.org/10.1016/j.envpol.2018.06.033,Grab18|doi.org/10.1016/j.envpol.2018.06.033,N/A,Fragment,fragments,0.500463392,river,0.538,0.14526,0.269249305,0.072697312
doi.org/10.1016/j.envpol.2018.06.033,Grab8|doi.org/10.1016/j.envpol.2018.06.033,N/A,Fragment,fragments,0.490774908,river,0,0,0,0
doi.org/10.1016/j.envpol.2018.06.033,Grab25|doi.org/10.1016/j.envpol.2018.06.033,N/A,Fragment,fragments,0.5,river,1.09,0.2943,0.545,0.14715
doi.org/10.1016/j.envpol.2018.06.033,Grab20|doi.org/10.1016/j.envpol.2018.06.033,N/A,Fragment,fragments,0.333333333,river,0,0,0,0
doi.org/10.1016/j.envpol.2018.06.033,Grab22|doi.org/10.1016/j.envpol.2018.06.033,N/A,Fragment,fragments,0.333138856,river,3.198,0.86346,1.065378061,0.287652077
doi.org/10.1016/j.envpol.2018.06.033,Grab7A|doi.org/10.1016/j.envpol.2018.06.033,N/A,Fragment,fragments,0.5,river,5.405,1.45935,2.7025,0.729675
doi.org/10.1016/j.envpol.2018.06.033,Net6|doi.org/10.1016/j.envpol.2018.06.033,N/A,Fragment,fragments,0.24952381,river,0.000525,0.00014175,0.000131,3.54E-05
doi.org/10.1016/j.envpol.2018.06.033,Net12|doi.org/10.1016/j.envpol.2018.06.033,N/A,Fragment,fragments,0.166666667,river,0.009492,0.00256284,0.001582,0.00042714
doi.org/10.1016/j.envpol.2018.06.033,Net2|doi.org/10.1016/j.envpol.2018.06.033,N/A,Fragment,fragments,0.125054849,river,0.002278,0.00061506,0.000284875,7.69E-05
doi.org/10.1016/j.envpol.2018.06.033,Net10|doi.org/10.1016/j.envpol.2018.06.033,N/A,Fragment,fragments,0.25019305,river,0.000611,0.00016497,0.000152868,4.13E-05
doi.org/10.1016/j.envpol.2018.06.033,Net5|doi.org/10.1016/j.envpol.2018.06.033,N/A,Fragment,fragments,0.400359066,river,0.000556,0.00015012,0.0002226,6.01E-05
doi.org/10.1016/j.envpol.2018.06.033,Net15|doi.org/10.1016/j.envpol.2018.06.033,N/A,Fragment,fragments,0.160210426,river,0.001271,0.00034317,0.000203627,5.50E-05
doi.org/10.1016/j.envpol.2018.06.033,Net4|doi.org/10.1016/j.envpol.2018.06.033,N/A,Fragment,fragments,0.5,river,0.000832,0.00022464,0.000416,0.00011232
doi.org/10.1016/j.envpol.2018.06.033,Net7B|doi.org/10.1016/j.envpol.2018.06.033,N/A,Fragment,fragments,0.665973666,river,0.0035,0.000945,0.002330908,0.000629345
doi.org/10.1016/j.envpol.2018.06.033,Net18|doi.org/10.1016/j.envpol.2018.06.033,N/A,Fragment,fragments,0.333333333,river,0.001934,0.00052218,0.000644667,0.00017406
doi.org/10.1016/j.envpol.2018.06.033,Net7A|doi.org/10.1016/j.envpol.2018.06.033,N/A,Fragment,fragments,1,river,0.00054,0.0001458,0.00054,0.0001458
doi.org/10.1016/j.envpol.2018.06.033,Net3|doi.org/10.1016/j.envpol.2018.06.033,N/A,Fragment,fragments,0.22244898,river,0.00098,0.0002646,0.000218,5.89E-05
doi.org/10.1016/j.envpol.2018.06.033,Net16|doi.org/10.1016/j.envpol.2018.06.033,N/A,Fragment,fragments,0.5,river,0.002132,0.00057564,0.001066,0.00028782
doi.org/10.1016/j.envpol.2018.06.033,Net13|doi.org/10.1016/j.envpol.2018.06.033,N/A,Fragment,fragments,0.034452555,river,0.001386,0.00037422,4.78E-05,1.29E-05
doi.org/10.1016/j.envpol.2018.06.033,Net8|doi.org/10.1016/j.envpol.2018.06.033,N/A,Fragment,fragments,0.7,river,0.001442,0.00038934,0.0010094,0.000272538
doi.org/10.1016/j.envpol.2018.06.033,Net17|doi.org/10.1016/j.envpol.2018.06.033,N/A,Fragment,fragments,0.249870667,river,0.004844,0.00130788,0.001210374,0.000326801
doi.org/10.1016/j.envpol.2018.06.033,Net21|doi.org/10.1016/j.envpol.2018.06.033,N/A,Fragment,fragments,0.124851837,river,0.001434,0.00038718,0.000179038,4.83E-05
doi.org/10.1016/j.envpol.2018.06.033,Net26|doi.org/10.1016/j.envpol.2018.06.033,N/A,Fragment,fragments,0.166666667,river,0.003654,0.00098658,0.000609,0.00016443
doi.org/10.1016/j.envpol.2018.06.033,Net24|doi.org/10.1016/j.envpol.2018.06.033,N/A,Fragment,fragments,0.076957797,river,0.002925,0.00078975,0.000225102,6.08E-05
doi.org/10.1016/j.envpol.2018.06.033,Net22|doi.org/10.1016/j.envpol.2018.06.033,N/A,Fragment,fragments,0.181914894,river,0.002531,0.00068337,0.000460427,0.000124315
doi.org/10.1016/j.envpol.2018.06.033,Net11|doi.org/10.1016/j.envpol.2018.06.033,N/A,Fragment,fragments,0.016032216,river,0.001294,0.00034938,2.07E-05,5.60E-06
doi.org/10.1021/es503610r,upstream|doi.org/10.1021/es503610r,N/A,Fragment,fragments,0.37628866,river,0.00194,26.4988286,0.00073,9.971208705
doi.org/10.1021/es503610r,downstream|doi.org/10.1021/es503610r,N/A,Fragment,fragments,0.37109375,river,0.01793,244.9092767,0.006653711,90.8843019
doi.org/10.1021/es503610r,downstream|doi.org/10.1021/es503610r,N/A,Nurdle,pellets,0.025111607,river,0.01793,244.9092767,0.000450251,6.150065507
doi.org/10.3389/frans.2022.857694,doi.org/10.3389/frans.2022.857694|SanMarcos,N/A,Fiber,fibers,0.994652406,river,233.75,157330.1125,232.4999999,156488.7749
doi.org/10.3389/frans.2022.857694,doi.org/10.3389/frans.2022.857694|Waco,N/A,Fiber,fibers,0.950226244,river,828.75,557806.7625,787.4999997,530042.6248
doi.org/10.3389/frans.2022.857694,doi.org/10.3389/frans.2022.857694|Wilsons,N/A,Fiber,fibers,0.933333333,river,131.25,88340.4375,122.5,82451.07497
doi.org/10.1021/acs.est.9b04896,doi.org/10.1021/acs.est.9b04896 | 401,N/A,Fiber,fibers,0.96,river,2,1787.64,1.92,1716.1344
doi.org/10.1021/acs.est.9b04896,doi.org/10.1021/acs.est.9b04896 | 391,N/A,Fiber,fibers,0.09091,river,20,17876.4,1.8182,1625.143524
doi.org/10.1021/acs.est.9b04896,doi.org/10.1021/acs.est.9b04896 | 393,N/A,Fiber,fibers,0.607142857,river,22,19664.04,13.35714285,11938.88143
doi.org/10.1021/acs.est.9b04896,doi.org/10.1021/acs.est.9b04896 | 418,N/A,Fiber,fibers,0.842857143,river,22,19664.04,18.54285715,16573.97657
doi.org/10.1021/acs.est.9b04896,doi.org/10.1021/acs.est.9b04896 | 417,N/A,Fiber,fibers,0.454545455,river,24,21451.68,10.90909092,9750.763646
doi.org/10.1021/acs.est.9b04896,doi.org/10.1021/acs.est.9b04896 | 412,N/A,Fiber,fibers,0.76,river,24,21451.68,18.24,16303.2768
doi.org/10.1021/acs.est.9b04896,doi.org/10.1021/acs.est.9b04896 | 422,N/A,Fiber,fibers,0.803278689,river,24,21451.68,19.27868854,17231.67739
doi.org/10.1021/acs.est.9b04896,doi.org/10.1021/acs.est.9b04896 | 426,N/A,Fiber,fibers,0.434210526,river,258,230605.56,112.0263157,100131.3615
doi.org/10.1021/acs.est.9b04896,doi.org/10.1021/acs.est.9b04896 | 413,N/A,Fiber,fibers,0.4375,river,36,32177.52,15.75,14077.665
doi.org/10.1021/acs.est.9b04896,doi.org/10.1021/acs.est.9b04896 | 396,N/A,Fiber,fibers,0.612244898,river,38,33965.16,23.26530612,20794.99592
doi.org/10.1021/acs.est.9b04896,doi.org/10.1021/acs.est.9b04896 | 410,N/A,Fiber,fibers,0.666666667,river,4,3575.28,2.666666668,2383.520001
doi.org/10.1021/acs.est.9b04896,doi.org/10.1021/acs.est.9b04896 | 423,N/A,Fiber,fibers,0.971428571,river,4,3575.28,3.885714284,3473.129141
doi.org/10.1021/acs.est.9b04896,doi.org/10.1021/acs.est.9b04896 | 424,N/A,Fiber,fibers,0.818181818,river,4,3575.28,3.272727272,2925.22909
doi.org/10.1021/acs.est.9b04896,doi.org/10.1021/acs.est.9b04896 | 421,N/A,Fiber,fibers,0.21875,river,50,44691,10.9375,9776.15625
doi.org/10.1021/acs.est.9b04896,doi.org/10.1021/acs.est.9b04896 | 427,N/A,Fiber,fibers,0.386363636,river,54,48266.28,20.86363634,18648.33544
doi.org/10.1021/acs.est.9b04896,doi.org/10.1021/acs.est.9b04896 | 386,N/A,Fiber,fibers,0.785714286,river,6,5362.92,4.714285716,4213.722859
doi.org/10.1021/acs.est.9b04896,doi.org/10.1021/acs.est.9b04896 | 389,N/A,Fiber,fibers,0.8,river,6,5362.92,4.8,4290.336
doi.org/10.1021/acs.est.9b04896,doi.org/10.1021/acs.est.9b04896 | 406,N/A,Fiber,fibers,0.921052632,river,6,5362.92,5.526315792,4939.531581
doi.org/10.1021/acs.est.9b04896,doi.org/10.1021/acs.est.9b04896 | 411,N/A,Fiber,fibers,0.921052632,river,6,5362.92,5.526315792,4939.531581
doi.org/10.1021/acs.est.9b04896,doi.org/10.1021/acs.est.9b04896 | 400,N/A,Fiber,fibers,0.951612903,river,6,5362.92,5.709677418,5103.42387
doi.org/10.1021/acs.est.9b04896,doi.org/10.1021/acs.est.9b04896 | 420,N/A,Fiber,fibers,0.777777778,river,8,7150.56,6.222222224,5561.546668
doi.org/10.1021/acs.est.9b04896,doi.org/10.1021/acs.est.9b04896 | 428,N/A,Fiber,fibers,0.626168224,river,80,71505.6,50.09345792,44774.53456
doi.org/10.1021/acs.est.9b04896,doi.org/10.1021/acs.est.9b04896 | 388,N/A,Fiber,fibers,0.733333333,river,10,8938.2,7.33333333,6554.679997
doi.org/10.1021/acs.est.9b04896,doi.org/10.1021/acs.est.9b04896 | 415,N/A,Fiber,fibers,0.311688312,river,106,94744.92,33.03896107,29530.88419
doi.org/10.1021/acs.est.9b04896,doi.org/10.1021/acs.est.9b04896 | 407,N/A,Fiber,fibers,0.714285714,river,12,10725.84,8.571428568,7661.314283
doi.org/10.1021/acs.est.9b04896,doi.org/10.1021/acs.est.9b04896 | 402,N/A,Fiber,fibers,0.886792453,river,12,10725.84,10.64150944,9511.593964
doi.org/10.1021/acs.est.9b04896,doi.org/10.1021/acs.est.9b04896 | 399,N/A,Fiber,fibers,0.888888889,river,12,10725.84,10.66666667,9534.080001
doi.org/10.1021/acs.est.9b04896,doi.org/10.1021/acs.est.9b04896 | 404,N/A,Fiber,fibers,0.681818182,river,14,12513.48,9.545454548,8531.918184
doi.org/10.1021/acs.est.9b04896,doi.org/10.1021/acs.est.9b04896 | 425,N/A,Fiber,fibers,0.740740741,river,14,12513.48,10.37037037,9269.244448
doi.org/10.1021/acs.est.9b04896,doi.org/10.1021/acs.est.9b04896 | 395,N/A,Fiber,fibers,0.923913043,river,14,12513.48,12.9347826,11561.36739
doi.org/10.1021/acs.est.9b04896,doi.org/10.1021/acs.est.9b04896 | 409,N/A,Fiber,fibers,0.714285714,river,16,14301.12,11.42857142,10215.08571
doi.org/10.1021/acs.est.9b04896,doi.org/10.1021/acs.est.9b04896 | 390,N/A,Fiber,fibers,0.757575758,river,16,14301.12,12.12121213,10834.18182
doi.org/10.1021/acs.est.9b04896,doi.org/10.1021/acs.est.9b04896 | 419,N/A,Fiber,fibers,0.529411765,river,16,14301.12,8.47058824,7571.181181
doi.org/10.1016/j.jwpe.2020.101640,Average|doi.org/10.1016/j.jwpe.2020.101640,N/A,Fiber,fibers,0.05,river,63,74898335.61,3.15,3744916.781
doi.org/10.1016/j.jwpe.2020.101640,James|doi.org/10.1016/j.jwpe.2020.101640,N/A,Fiber,fibers,0.05,river,36,42799048.92,1.8,2139952.446
doi.org/10.1016/j.jwpe.2020.101640,Roanoke|doi.org/10.1016/j.jwpe.2020.101640,N/A,Fiber,fibers,0.05,river,180,213995244.6,9,10699762.23
doi.org/10.1016/j.jwpe.2020.101640,Stroubles|doi.org/10.1016/j.jwpe.2020.101640,N/A,Fiber,fibers,0.05,river,17,20210661.99,0.85,1010533.1
doi.org/10.5203/pmuser.201730578,Nelson|doi.org/10.5203/pmuser.201730578,N/A,Fiber,fibers,0.89,river,0.00095,13.304123,0.0008455,11.84066947
doi.org/10.5203/pmuser.201730578,RMYC3|doi.org/10.5203/pmuser.201730578,N/A,Fiber,fibers,0.89,river,0.00864,120.9974976,0.0076896,107.6877729
doi.org/10.5203/pmuser.201730578,Redboine1|doi.org/10.5203/pmuser.201730578,N/A,Fiber,fibers,0.89,river,0.00862,120.7174108,0.0076718,107.4384956
doi.org/10.5203/pmuser.201730578,Redboine3|doi.org/10.5203/pmuser.201730578,N/A,Fiber,fibers,0.89,river,0.00803,112.4548502,0.0071467,100.0848167
doi.org/10.5203/pmuser.201730578,Redboine2|doi.org/10.5203/pmuser.201730578,N/A,Fiber,fibers,0.89,river,0.00713,99.8509442,0.0063457,88.86734034
doi.org/10.5203/pmuser.201730578,Emerson|doi.org/10.5203/pmuser.201730578,N/A,Fiber,fibers,0.89,river,7.00E-04,9.803038,0.000623,8.72470382
doi.org/10.5203/pmuser.201730578,RMYC1|doi.org/10.5203/pmuser.201730578,N/A,Fiber,fibers,0.89,river,0.00675,94.529295,0.0060075,84.13107255
doi.org/10.5203/pmuser.201730578,Forks1|doi.org/10.5203/pmuser.201730578,N/A,Fiber,fibers,0.89,river,0.01769,247.7367746,0.0157441,220.4857294
doi.org/10.5203/pmuser.201730578,Forks2|doi.org/10.5203/pmuser.201730578,N/A,Fiber,fibers,0.89,river,0.00169,23.6673346,0.0015041,21.06392779
doi.org/10.5203/pmuser.201730578,Courchaine|doi.org/10.5203/pmuser.201730578,N/A,Fiber,fibers,0.89,river,0.00153,21.4266402,0.0013617,19.06970978
doi.org/10.5203/pmuser.201730578,RMYC2|doi.org/10.5203/pmuser.201730578,N/A,Fiber,fibers,0.89,river,0.00094,13.1640796,0.0008366,11.71603084
doi.org/10.5203/pmuser.201730578,Forks3|doi.org/10.5203/pmuser.201730578,N/A,Fiber,fibers,0.89,river,0.00131,18.3456854,0.0011659,16.32766001
doi.org/10.1016/j.envpol.2018.06.033,Grab6|doi.org/10.1016/j.envpol.2018.06.033,N/A,Fiber,fibers,1,river,0.517,0.13959,0.517,0.13959
doi.org/10.1016/j.envpol.2018.06.033,Grab5|doi.org/10.1016/j.envpol.2018.06.033,N/A,Fiber,fibers,1,river,0.518,0.13986,0.518,0.13986
doi.org/10.1016/j.envpol.2018.06.033,Grab12|doi.org/10.1016/j.envpol.2018.06.033,N/A,Fiber,fibers,1,river,0.493,0.13311,0.493,0.13311
doi.org/10.1016/j.envpol.2018.06.033,Grab17|doi.org/10.1016/j.envpol.2018.06.033,N/A,Fiber,fibers,1,river,1.075,0.29025,1.075,0.29025
doi.org/10.1016/j.envpol.2018.06.033,Grab18|doi.org/10.1016/j.envpol.2018.06.033,N/A,Fiber,fibers,0.499536608,river,0.538,0.14526,0.268750695,0.072562688
doi.org/10.1016/j.envpol.2018.06.033,Grab24|doi.org/10.1016/j.envpol.2018.06.033,N/A,Fiber,fibers,0.5,river,1.108,0.29916,0.554,0.14958
doi.org/10.1016/j.envpol.2018.06.033,Grab8|doi.org/10.1016/j.envpol.2018.06.033,N/A,Fiber,fibers,0.509225092,river,0,0,0,0
doi.org/10.1016/j.envpol.2018.06.033,Grab3|doi.org/10.1016/j.envpol.2018.06.033,N/A,Fiber,fibers,1,river,0.552,0.14904,0.552,0.14904
doi.org/10.1016/j.envpol.2018.06.033,Grab1|doi.org/10.1016/j.envpol.2018.06.033,N/A,Fiber,fibers,0.5,river,1.1116,0.300132,0.5558,0.150066
doi.org/10.1016/j.envpol.2018.06.033,Grab4|doi.org/10.1016/j.envpol.2018.06.033,N/A,Fiber,fibers,1,river,0.559,0.15093,0.559,0.15093
doi.org/10.1016/j.envpol.2018.06.033,Grab26|doi.org/10.1016/j.envpol.2018.06.033,N/A,Fiber,fibers,1,river,1.117,0.30159,1.117,0.30159
doi.org/10.1016/j.envpol.2018.06.033,Grab25|doi.org/10.1016/j.envpol.2018.06.033,N/A,Fiber,fibers,0.5,river,1.09,0.2943,0.545,0.14715
doi.org/10.1016/j.envpol.2018.06.033,Grab20|doi.org/10.1016/j.envpol.2018.06.033,N/A,Fiber,fibers,0.666666667,river,0,0,0,0
doi.org/10.1016/j.envpol.2018.06.033,Grab16|doi.org/10.1016/j.envpol.2018.06.033,N/A,Fiber,fibers,1,river,0,0,0,0
doi.org/10.1016/j.envpol.2018.06.033,Grab23|doi.org/10.1016/j.envpol.2018.06.033,N/A,Fiber,fibers,1,river,1.714,0.46278,1.714,0.46278
doi.org/10.1016/j.envpol.2018.06.033,Grab22|doi.org/10.1016/j.envpol.2018.06.033,N/A,Fiber,fibers,0.666861144,river,3.198,0.86346,2.132621939,0.575807923
doi.org/10.1016/j.envpol.2018.06.033,Grab7A|doi.org/10.1016/j.envpol.2018.06.033,N/A,Fiber,fibers,0.5,river,5.405,1.45935,2.7025,0.729675
doi.org/10.1016/j.envpol.2018.06.033,Grab21|doi.org/10.1016/j.envpol.2018.06.033,N/A,Fiber,fibers,1,river,2.137,0.57699,2.137,0.57699
doi.org/10.1016/j.marpolbul.2017.07.028,average|doi.org/10.1016/j.marpolbul.2017.07.028,N/A,Fiber,fibers,1,river,0.98,0.2646,0.98,0.2646
doi.org/10.1007/s11356-021-12898-7,doi.org/10.1007/s11356-021-12898-7|1,N/A,Fiber,fibers,1,river,1.49,0.8642,1.49,0.8642
doi.org/10.1007/s11356-021-12898-7,doi.org/10.1007/s11356-021-12898-7|2,N/A,Fiber,fibers,1,river,1.47,0.8526,1.47,0.8526
doi.org/10.1007/s11356-021-12898-7,doi.org/10.1007/s11356-021-12898-7|3,N/A,Fiber,fibers,1,river,1.36,0.7888,1.36,0.7888
doi.org/10.1016/j.envpol.2018.06.033,Net12|doi.org/10.1016/j.envpol.2018.06.033,N/A,Fiber,fibers,0.166666667,river,0.009492,0.00256284,0.001582,0.00042714
doi.org/10.1016/j.envpol.2018.06.033,Net1|doi.org/10.1016/j.envpol.2018.06.033,N/A,Fiber,fibers,1,river,0.000246,6.64E-05,0.000246,6.64E-05
doi.org/10.1016/j.envpol.2018.06.033,Net2|doi.org/10.1016/j.envpol.2018.06.033,N/A,Fiber,fibers,0.125054849,river,0.002278,0.00061506,0.000284875,7.69E-05
doi.org/10.1016/j.envpol.2018.06.033,Net10|doi.org/10.1016/j.envpol.2018.06.033,N/A,Fiber,fibers,0.249420849,river,0.000611,0.00016497,0.000152396,4.11E-05
doi.org/10.1016/j.envpol.2018.06.033,Net5|doi.org/10.1016/j.envpol.2018.06.033,N/A,Fiber,fibers,0.599640934,river,0.000556,0.00015012,0.0003334,9.00E-05
doi.org/10.1016/j.envpol.2018.06.033,Net15|doi.org/10.1016/j.envpol.2018.06.033,N/A,Fiber,fibers,0.160210426,river,0.001271,0.00034317,0.000203627,5.50E-05
doi.org/10.1016/j.envpol.2018.06.033,Net4|doi.org/10.1016/j.envpol.2018.06.033,N/A,Fiber,fibers,0.5,river,0.000832,0.00022464,0.000416,0.00011232
doi.org/10.1016/j.envpol.2018.06.033,Net7B|doi.org/10.1016/j.envpol.2018.06.033,N/A,Fiber,fibers,0.333333333,river,0.0035,0.000945,0.001166667,0.000315
doi.org/10.1016/j.envpol.2018.06.033,Net19|doi.org/10.1016/j.envpol.2018.06.033,N/A,Fiber,fibers,0.5,river,0.001444,0.00038988,0.000722,0.00019494
doi.org/10.1016/j.envpol.2018.06.033,Net20|doi.org/10.1016/j.envpol.2018.06.033,N/A,Fiber,fibers,0.399860433,river,0.001094,0.00029538,0.000437447,0.000118111
doi.org/10.1016/j.envpol.2018.06.033,Net3|doi.org/10.1016/j.envpol.2018.06.033,N/A,Fiber,fibers,0.666326531,river,0.00098,0.0002646,0.000653,0.00017631
doi.org/10.1016/j.envpol.2018.06.033,Net16|doi.org/10.1016/j.envpol.2018.06.033,N/A,Fiber,fibers,0.166597853,river,0.002132,0.00057564,0.000355187,9.59E-05
doi.org/10.1016/j.envpol.2018.06.033,Net13|doi.org/10.1016/j.envpol.2018.06.033,N/A,Fiber,fibers,0.068978102,river,0.001386,0.00037422,9.56E-05,2.58E-05
doi.org/10.1016/j.envpol.2018.06.033,Net14|doi.org/10.1016/j.envpol.2018.06.033,N/A,Fiber,fibers,0.800157356,river,0.013701,0.00369927,0.010962956,0.002959998
doi.org/10.1016/j.envpol.2018.06.033,Net8|doi.org/10.1016/j.envpol.2018.06.033,N/A,Fiber,fibers,0.3,river,0.001442,0.00038934,0.0004326,0.000116802
doi.org/10.1016/j.envpol.2018.06.033,Net17|doi.org/10.1016/j.envpol.2018.06.033,N/A,Fiber,fibers,0.750129333,river,0.004844,0.00130788,0.003633626,0.000981079
doi.org/10.1016/j.envpol.2018.06.033,Net23|doi.org/10.1016/j.envpol.2018.06.033,N/A,Fiber,fibers,0.749914471,river,0.0047,0.001269,0.003524598,0.000951641
doi.org/10.1016/j.envpol.2018.06.033,Net21|doi.org/10.1016/j.envpol.2018.06.033,N/A,Fiber,fibers,0.875148163,river,0.001434,0.00038718,0.001254962,0.00033884
doi.org/10.1016/j.envpol.2018.06.033,Net26|doi.org/10.1016/j.envpol.2018.06.033,N/A,Fiber,fibers,0.666666667,river,0.003654,0.00098658,0.002436,0.00065772
doi.org/10.1016/j.envpol.2018.06.033,Net24|doi.org/10.1016/j.envpol.2018.06.033,N/A,Fiber,fibers,0.769126608,river,0.002925,0.00078975,0.002249695,0.000607418
doi.org/10.1016/j.envpol.2018.06.033,Net25|doi.org/10.1016/j.envpol.2018.06.033,N/A,Fiber,fibers,1,river,0.00443,0.0011961,0.00443,0.0011961
doi.org/10.1016/j.envpol.2018.06.033,Net22|doi.org/10.1016/j.envpol.2018.06.033,N/A,Fiber,fibers,0.818085106,river,0.002531,0.00068337,0.002070573,0.000559055
doi.org/10.1016/j.envpol.2018.06.033,Net11|doi.org/10.1016/j.envpol.2018.06.033,N/A,Fiber,fibers,0.192335942,river,0.001294,0.00034938,0.000248883,6.72E-05
doi.org/10.1021/es503610r,upstream|doi.org/10.1021/es503610r,N/A,Fiber,fibers,0.62371134,river,0.00194,26.4988286,0.00121,16.52761989
doi.org/10.1021/es503610r,downstream|doi.org/10.1021/es503610r,N/A,Fiber,fibers,0.58984375,river,0.01793,244.9092767,0.010575898,144.4582062
doi.org/10.1016/j.envpol.2018.06.033,Grab11|doi.org/10.1016/j.envpol.2018.06.033,N/A,Nurdle,beads,1,river,0.518,0.13986,0.518,0.13986
doi.org/10.1016/j.envpol.2018.06.033,Grab9|doi.org/10.1016/j.envpol.2018.06.033,N/A,Nurdle,beads,1,river,1.046,0.28242,1.046,0.28242
doi.org/10.1016/j.envpol.2018.06.033,Net6|doi.org/10.1016/j.envpol.2018.06.033,N/A,Nurdle,beads,0.75047619,river,0.000525,0.00014175,0.000394,0.00010638
doi.org/10.1016/j.envpol.2018.06.033,Net12|doi.org/10.1016/j.envpol.2018.06.033,N/A,Nurdle,beads,0.5,river,0.009492,0.00256284,0.004746,0.00128142
doi.org/10.1016/j.envpol.2018.06.033,Net9|doi.org/10.1016/j.envpol.2018.06.033,N/A,Nurdle,beads,0.499263382,river,0.00479,0.0012933,0.002391472,0.000645697
doi.org/10.1016/j.envpol.2018.06.033,Net10|doi.org/10.1016/j.envpol.2018.06.033,N/A,Nurdle,beads,0.25019305,river,0.000611,0.00016497,0.000152868,4.13E-05
doi.org/10.1016/j.envpol.2018.06.033,Net20|doi.org/10.1016/j.envpol.2018.06.033,N/A,Nurdle,beads,0.399860433,river,0.001094,0.00029538,0.000437447,0.000118111
doi.org/10.1016/j.envpol.2018.06.033,Net23|doi.org/10.1016/j.envpol.2018.06.033,N/A,Nurdle,beads,0.250085529,river,0.0047,0.001269,0.001175402,0.000317359
doi.org/10.1016/j.envpol.2018.06.033,Net26|doi.org/10.1016/j.envpol.2018.06.033,N/A,Nurdle,beads,0.166666667,river,0.003654,0.00098658,0.000609,0.00016443
doi.org/10.1016/j.envpol.2018.06.033,Net24|doi.org/10.1016/j.envpol.2018.06.033,N/A,Nurdle,beads,0.076957797,river,0.002925,0.00078975,0.000225102,6.08E-05
doi.org/10.1016/j.envpol.2018.06.033,Net13|doi.org/10.1016/j.envpol.2018.06.033,N/A,Sphere,spheres,0.034452555,river,0.001386,0.00037422,4.78E-05,1.29E-05
doi.org/10.1016/j.jwpe.2020.101640,Average|doi.org/10.1016/j.jwpe.2020.101640,N/A,Sphere,spherical,0.15,river,63,74898335.61,9.45,11234750.34
doi.org/10.1016/j.jwpe.2020.101640,James|doi.org/10.1016/j.jwpe.2020.101640,N/A,Sphere,spherical,0.15,river,36,42799048.92,5.4,6419857.338
doi.org/10.1016/j.jwpe.2020.101640,Roanoke|doi.org/10.1016/j.jwpe.2020.101640,N/A,Sphere,spherical,0.15,river,180,213995244.6,27,32099286.69
doi.org/10.1016/j.jwpe.2020.101640,Stroubles|doi.org/10.1016/j.jwpe.2020.101640,N/A,Sphere,spherical,0.15,river,17,20210661.99,2.55,3031599.299
doi.org/10.1021/es503610r,downstream|doi.org/10.1021/es503610r,N/A,Foam,styrofoam,0.013950893,river,0.01793,244.9092767,0.00025014,3.416703114