material,items,weight_estimate_g
plastic,cigarettebutts,0.29
cloth,clothing,82.5
cloth,cigarettefilters,0.29
cloth,cigarettefilters,0.29
cloth,cigarettefilters,0.29
cloth,cigarettefilters,0.29
cloth,cigarettefilters,0.29
cloth,cigarettefilters,0.29
cloth,clothing,82.5
cloth,cigarettefilters,0.29
cloth,cigarettefilters,0.29
glass,beveragebottles,22.97
glass,beveragebottles,22.97
glass,fragments(trash),1.05
paper,wrappers,14.61
paper,fragments(trash),1.05
paper,fragments(trash),1.05
paper,cups,5.05
paper,napkins,11.9
paper,wrappers,14.61
paper,wrappers,14.61
paper,wrappers,14.61
paper,other,82.5
paper,wrappers,14.61
paper,other,82.5
paper,wrappers,14.61
paper,other,82.5
paper,wrappers,14.61
paper,paperornapkinsortissues,11.9
paper,other,82.5
paper,paperornapkinsortissues,11.9
paper,wrappers,14.61
paper,paperornapkinsortissues,11.9
paper,wrappers,14.61
paper,fragments(trash),1.05
paper,fragments(trash),1.05
paper,fragments(trash),1.05
paper,other,82.5
paper,wrappers,14.61
paper,other,82.5
paper,other,82.5
paper,other,82.5
paper,other,82.5
paper,other,82.5
paper,other,82.5
paper,other,82.5
paper,wrappers,14.61
paper,wrappers,14.61
paper,other,82.5
paper,other,82.5
paper,wrappers,14.61
paper,paperornapkinsortissues,11.9
paper,other,82.5
paper,wrappers,14.61
paper,other,82.5
paper,paperornapkinsortissues,11.9
paper,paperornapkinsortissues,11.9
paper,wrappers,14.61
paper,fragments(trash),1.05
paper,other,82.5
paper,paperornapkinsortissues,11.9
paper,paperornapkinsortissues,11.9
paper,wrappers,14.61
paper,other,82.5
paper,wrappers,14.61
paper,other,82.5
paper,paperornapkinsortissues,11.9
paper,fragments(trash),1.05
paper,paperornapkinsortissues,11.9
paper,other,82.5
paper,other,82.5
paper,other,82.5
paper,other,82.5
paper,other,82.5
paper,other,82.5
paper,other,82.5
paper,fragments(trash),1.05
paper,fragments(trash),1.05
paper,fragments(trash),1.05
paper,fragments(trash),1.05
paper,receipts,5
paper,cigarettebutts,0.29
paper,cigarettebutts,0.29
paper,cigarettebutts,0.29
paper,cigarettebutts,0.29
paper,cigarettebutts,0.29
paper,cigarettebutts,0.29
paper,wrappers,14.61
paper,wrappers,14.61
paper,wrappers,14.61
plastic,other,82.5
plastic,containersortubes,29.8
plastic,wrappers,14.61
plastic,wrappers,14.61
plastic,wrappers,14.61
plastic,wrappers,14.61
plastic,wrappers,14.61
plastic,bags,8.52
plastic,wrappers,14.61
plastic,wrappers,14.61
plastic,wrappers,14.61
plastic,wrappers,14.61
plastic,wrappers,14.61
plastic,wrappers,14.61
plastic,bags,8.52
plastic,wrappers,14.61
plastic,utensil,4.26
plastic,wrappers,14.61
plastic,beveragebottles,22.97
plastic,other,82.5
plastic,other,82.5
plastic,wrappers,14.61
plastic,wrappers,14.61
plastic,wrappers,14.61
plastic,beveragebottles,22.97
plastic,wrappers,14.61
plastic,wrappers,14.61
plastic,cups,6
plastic,wrappers,14.61
plastic,wrappers,14.61
plastic,wrappers,14.61
plastic,wrappers,14.61
plastic,wrappers,14.61
plastic,wrappers,14.61
plastic,wrappers,14.61
plastic,wrappers,14.61
plastic,wrappers,14.61
plastic,other,82.5
plastic,wrappers,14.61
plastic,wrappers,14.61
plastic,wrappers,14.61
plastic,wrappers,14.61
plastic,other,82.5
plastic,tape,14.61
plastic,other,82.5
plastic,wrappers,14.61
plastic,other,82.5
plastic,wrappers,14.61
plastic,wrappers,14.61
plastic,other,82.5
plastic,wrappers,14.61
plastic,bags,8.52
plastic,wrappers,14.61
plastic,wrappers,14.61
plastic,wrappers,14.61
plastic,wrappers,14.61
plastic,other,82.5
plastic,wrappers,14.61
plastic,wrappers,14.61
plastic,other,82.5
plastic,wrappers,14.61
plastic,wrappers,14.61
plastic,wrappers,14.61
plastic,wrappers,14.61
plastic,wrappers,14.61
plastic,wrappers,14.61
plastic,wrappers,14.61
plastic,wrappers,14.61
plastic,wrappers,14.61
plastic,wrappers,14.61
plastic,wrappers,14.61
plastic,wrappers,14.61
plastic,bandages,82.5
plastic,containersortubes,29.8
plastic,containersortubes,29.8
plastic,other,82.5
plastic,food,29
plastic,"bolts,nails,andscrews",82.5
plastic,packaging,82.5
wood,pensorpencils,82.5
plastic,other,82.5
plastic,other,82.5
plastic,other,82.5
plastic,other,82.5
plastic,other,82.5
plastic,other,82.5
plastic,other,82.5
plastic,other,82.5
plastic,other,82.5
plastic,other,82.5
plastic,other,82.5
plastic,other,82.5
plastic,other,82.5
plastic,other,82.5
metal,fragments(trash),1.05
paper,paperornapkinsortissues,11.9
paper,fragments(trash),1.05
paper,cigarettebutts,0.29
paper,cigarettebutts,0.29
paper,cigarettebutts,0.29
plastic,lids,3.64
plastic,wrappers,14.61
plastic,wrappers,14.61
plastic,straws,0.78
plastic,wrappers,14.61
plastic,wrappers,14.61
plastic,other,82.5
plastic,cups,6
plastic,cups,6
plastic,other,82.5
plastic,other,82.5
plastic,lids,3.64
plastic,other,82.5
plastic,wrappers,14.61
plastic,pensorpencils,82.5
plastic,packaging,82.5
glass,fragments(trash),1.05
glass,fragments(trash),1.05
glass,beveragebottles,22.97
metal,wrappers,14.61
metal,other,82.5
metal,wrappers,14.61
metal,other,82.5
metal,other,82.5
metal,beveragecans,16.94
metal,wrappers,14.61
metal,beveragecontainers,22.3
metal,wrappers,14.61
metal,wrappers,14.61
metal,wrappers,14.61
metal,wrappers,14.61
metal,wrappers,14.61
metal,foodwrappers,14.61
metal,wrappers,14.61
metal,wrappers,14.61
metal,foodwrappers,14.61
paper,napkins,11.9
paper,wrappers,14.61
paper,other,82.5
paper,wrappers,14.61
paper,wrappers,14.61
paper,wrappers,14.61
paper,wrappers,14.61
paper,other,82.5
paper,other,82.5
paper,wrappers,14.61
paper,receipts,5
paper,foodwrappers,14.61
paper,other,82.5
paper,receipts,5
paper,wrappers,14.61
paper,receipts,5
paper,foodwrappers,14.61
paper,fragments(trash),1.05
paper,other,82.5
paper,paper,6.1
paper,napkins,11.9
paper,receipts,5
paper,wrappers,14.61
paper,receipts,5
paper,napkins,11.9
paper,wrappers,14.61
paper,fragments(trash),1.05
paper,foodwrappers,14.61
paper,receipts,5
paper,other,82.5
paper,fragments(trash),1.05
paper,foodwrappers,14.61
paper,wrappers,14.61
paper,other,82.5
paper,napkins,11.9
paper,other,82.5
paper,wrappers,14.61
paper,packaging,82.5
paper,other,82.5
paper,other,82.5
paper,other,82.5
paper,fragments(trash),1.05
paper,other,82.5
paper,cardboard,15.05
paper,cigarettepackets,10.4
paper,wrappers,14.61
paper,wrappers,14.61
paper,paper,6.1
paper,cardboard,15.05
paper,napkins,11.9
paper,cardboard,15.05
paper,foodwrappers,14.61
paper,fragments(trash),1.05
paper,other,82.5
paper,napkins,11.9
paper,cups,5.05
paper,receipts,5
paper,foodwrappers,14.61
paper,napkins,11.9
paper,packaging,82.5
paper,receipts,5
paper,packaging,82.5
paper,other,82.5
plastic,wrappers,14.61
plastic,wetwipes,11.9
plastic,cups,6
plastic,bags,8.52
plastic,other,82.5
plastic,cigarettebutts,0.29
plastic,other,82.5
plastic,fragments(trash),1.05
plastic,other,82.5
plastic,toys,82.5
plastic,wrappers,14.61
plastic,other,82.5
plastic,foodwrappers,14.61
plastic,wrappers,14.61
plastic,fragments(trash),1.05
plastic,other,82.5
plastic,bottlecaps,1.9
plastic,wrappers,14.61
plastic,foodwrappers,14.61
plastic,foodwrappers,14.61
plastic,foodwrappers,14.61
plastic,cups,6
plastic,beveragecontainers,22.3
plastic,straws,0.78
plastic,foodwrappers,14.61
plastic,bottlecaps,1.9
plastic,foodwrappers,14.61
plastic,foodwrappers,14.61
plastic,wrappers,14.61
plastic,other,82.5
plastic,wrappers,14.61
plastic,wetwipes,11.9
plastic,wetwipes,11.9
plastic,foodwrappers,14.61
plastic,cigarettepackets,10.4
plastic,foodwrappers,14.61
plastic,wetwipes,11.9
plastic,foodwrappers,14.61
plastic,lids,3.64
plastic,cups,6
plastic,wrappers,14.61
plastic,foodwrappers,14.61
plastic,cigarettebutts,0.29
plastic,straws,0.78
plastic,fragments(trash),1.05
plastic,fragments(trash),1.05
plastic,wetwipes,11.9
plastic,other,82.5
plastic,other,82.5
plastic,other,82.5
plastic,cigarettebutts,0.29
plastic,cups,6
plastic,wrappers,14.61
plastic,cigarettebutts,0.29
plastic,gloves,82.5
plastic,other,82.5
plastic,fragments(trash),1.05
plastic,wetwipes,11.9
plastic,wetwipes,11.9
plastic,cigarettebutts,0.29
plastic,other,82.5
plastic,cigarettebutts,0.29
plastic,cigarettebutts,0.29
plastic,foodwrappers,14.61
plastic,other,82.5
plastic,other,82.5
plastic,cigarettebutts,0.29
plastic,straws,0.78
plastic,foodwrappers,14.61
plastic,cigarettebutts,0.29
plastic,cigarettebutts,0.29
plastic,cigarettebutts,0.29
plastic,fragments(trash),1.05
plastic,wrappers,14.61
plastic,foodwrappers,14.61
plastic,foodwrappers,14.61
plastic,cigarettebutts,0.29
plastic,foodwrappers,14.61
plastic,other,82.5
plastic,other,82.5
plastic,cigarettebutts,0.29
plastic,straws,0.78
plastic,other,82.5
plastic,other,82.5
plastic,cigarettebutts,0.29
plastic,fragments(trash),1.05
plastic,wrappers,14.61
plastic,cigarettebutts,0.29
plastic,cigarettebutts,0.29
plastic,cups,6
plastic,foodwrappers,14.61
plastic,wrappers,14.61
plastic,bags,8.52
plastic,wrappers,14.61
plastic,wetwipes,11.9
plastic,foodwrappers,14.61
plastic,wrappers,14.61
plastic,wetwipes,11.9
plastic,beveragecontainers,22.3
plastic,piping,82.5
plastic,wrappers,14.61
cloth,other,82.5
glass,beveragebottles,22.97
glass,beveragebottles,22.97
metal,wrappers,14.61
metal,foodwrappers,14.61
metal,foodwrappers,14.61
metal,lids,2
metal,batteries,82.5
metal,wrappers,14.61
metal,lids,2
metal,other,82.5
metal,wrappers,14.61
metal,foodwrappersorcontainers,15.42
metal,wrappers,14.61
metal,foodwrappers,14.61
metal,wrappers,14.61
metal,bottlecaps,1.9
metal,wrappers,14.61
metal,batteries,82.5
metal,bottlecaps,1.9
metal,wrappers,14.61
paper,newspapers&magazines,100
paper,other,82.5
paper,bags,25.39
paper,napkins,11.9
paper,fragments(trash),1.05
paper,other,82.5
paper,toys,82.5
paper,receipts,5
paper,packaging,82.5
paper,fragments(trash),1.05
paper,fragments(trash),1.05
paper,napkins,11.9
paper,receipts,5
paper,paperornapkinsortissues,11.9
paper,fragments(trash),1.05
paper,foodwrappers,14.61
paper,receipts,5
paper,other,82.5
paper,fragments(trash),1.05
paper,toys,82.5
paper,receipts,5
paper,wrappers,14.61
paper,fragments(trash),1.05
paper,napkins,11.9
paper,fragments(trash),1.05
paper,paper,6.1
paper,cardboard,15.05
paper,foodwrappers,14.61
paper,receipts,5
paper,other,82.5
paper,other,82.5
paper,other,82.5
paper,other,82.5
paper,receipts,5
paper,cups,5.05
paper,receipts,5
paper,other,82.5
paper,receipts,5
paper,wrappers,14.61
paper,other,82.5
paper,other,82.5
paper,receipts,5
paper,fragments(trash),1.05
paper,other,82.5
plastic,receipts,5
plastic,foodwrappers,14.61
plastic,cigarettebutts,0.29
plastic,wrappers,14.61
plastic,other,82.5
plastic,foodwrappers,14.61
plastic,other,82.5
plastic,cigarettebutts,0.29
plastic,cigarettebutts,0.29
plastic,cigarettebutts,0.29
plastic,foodwrappers,14.61
plastic,other,82.5
plastic,film(thinorflexiblee.g.strawwrapper),14.61
plastic,lids,3.64
plastic,other,82.5
plastic,other,82.5
plastic,receipts,5
plastic,toys,82.5
plastic,toys,82.5
plastic,lids,3.64
plastic,other,82.5
plastic,foodwrappers,14.61
plastic,straws,0.78
plastic,wetwipes,11.9
plastic,wetwipes,11.9
plastic,receipts,5
plastic,bags,8.52
plastic,foodwrappers,14.61
plastic,cups,6
plastic,fragments(trash),1.05
plastic,wrappers,14.61
plastic,foodwrappers,14.61
plastic,foodwrappers,14.61
plastic,toys,82.5
plastic,clothing,82.5
plastic,other,82.5
plastic,other,82.5
plastic,lids,3.64
plastic,straws,0.78
plastic,cups,6
plastic,wetwipes,11.9
plastic,other,82.5
plastic,lids,3.64
plastic,bags,8.52
plastic,cigarettebutts,0.29
plastic,cigarettebutts,0.29
plastic,cigarettebutts,0.29
plastic,other,82.5
plastic,piping,82.5
plastic,other,82.5
plastic,cigarettebutts,0.29
plastic,cigarettebutts,0.29
plastic,straws,0.78
plastic,other,82.5
plastic,foodwrappers,14.61
plastic,wetwipes,11.9
plastic,foodwrappers,14.61
plastic,foodwrappers,14.61
plastic,gloves,82.5
plastic,receipts,5
plastic,foodwrappers,14.61
plastic,wrappers,14.61
plastic,receipts,5
plastic,other,82.5
plastic,bags,8.52
plastic,bags,8.52
plastic,wetwipes,11.9
plastic,foodwrappers,14.61
plastic,foodwrappers,14.61
plastic,foodwrappers,14.61
plastic,receipts,5
plastic,foodwrappers,14.61
plastic,other,82.5
plastic,bags,8.52
plastic,gloves,82.5
plastic,wrappers,14.61
plastic,other,82.5
plastic,bags,8.52
plastic,telephone,82.5
plastic,fragments(trash),1.05
plastic,foodwrappers,14.61
plastic,gloves,82.5
plastic,wrappers,14.61
plastic,balloons,82.5
plastic,fragments(trash),1.05
plastic,foodwrappers,14.61
plastic,cups,6
plastic,straws,0.78
plastic,lids,3.64
plastic,other,82.5
plastic,wetwipes,11.9
plastic,bottlecaps,1.9
plastic,other,82.5
plastic,other,82.5
plastic,foodwrappers,14.61
plastic,cigarettebutts,0.29
plastic,wrappers,14.61
plastic,wrappers,14.61
plastic,wrappers,14.61
plastic,foodwrappers,14.61
plastic,cigarettebutts,0.29
plastic,foodwrappers,14.61
plastic,cigarettebutts,0.29
plastic,cigarettebutts,0.29
plastic,cigarettebutts,0.29
plastic,foodwrappers,14.61
plastic,other,82.5
plastic,foodwrappers,14.61
plastic,wrappers,14.61
plastic,wrappers,14.61
plastic,fragments(trash),1.05
plastic,cigarettebutts,0.29
plastic,foodwrappers,14.61
plastic,foodwrappers,14.61
plastic,foodwrappers,14.61
plastic,straws,0.78
wood,other,82.5
metal,cans,15.05
metal,cans,15.05
paper,fragments(trash),1.05
paper,fragments(trash),1.05
paper,packaging,82.5
glass,beveragebottles,22.97
glass,fragments(trash),1.05
paper,cigarettebutts,0.29
paper,napkins,11.9
paper,cigarettebutts,0.29
paper,napkins,11.9
paper,napkins,11.9
paper,bags,25.39
paper,fragments(trash),1.05
paper,cigarettebutts,0.29
paper,cigarettebutts,0.29
paper,napkins,11.9
paper,receipts,5
paper,paperornapkinsortissues,11.9
paper,fragments(trash),1.05
paper,fragments(trash),1.05
paper,cigarettebutts,0.29
paper,wrappers,14.61
paper,bags,25.39
paper,cigarettebutts,0.29
paper,cigarettebutts,0.29
paper,fragments(trash),1.05
paper,napkins,11.9
paper,napkins,11.9
paper,newspapers&magazines,100
paper,cigarettebutts,0.29
paper,fragments(trash),1.05
paper,cigarettebutts,0.29
plastic,wrappers,14.61
plastic,foodwrappers,14.61
plastic,tape,14.61
plastic,"bottlecaps,lids&pulltabs",1.9
plastic,fragments(trash),1.05
plastic,lids,3.64
plastic,wrappers,14.61
plastic,straws,0.78
plastic,waterbottles,22.97
plastic,fragments(trash),1.05
plastic,fragments(trash),1.05
plastic,"bottlecaps,lids&pulltabs",1.9
plastic,wrappers,14.61
plastic,wrappers,14.61
plastic,bags,8.52
plastic,bags,8.52
plastic,lids,3.64
plastic,cups,6
plastic,wrappers,14.61
plastic,fragments(trash),1.05
plastic,cups,6
plastic,fragments(trash),1.05
plastic,fragments(trash),1.05
plastic,cups,6
plastic,plates,10.05
plastic,fragments(trash),1.05
plastic,fragments(trash),1.05
plastic,cups,6
plastic,cups,6
wood,fragments(trash),1.05
metal,cans,15.05
metal,cans,15.05
metal,cans,15.05
paper,fragments(trash),1.05
paper,other,82.5
paper,other,82.5
paper,packaging,82.5
cloth,wetwipes,11.9
cloth,string,8
cloth,fragments(trash),1.05
cloth,string,8
metal,fragments(trash),1.05
glass,beveragebottles,22.97
glass,fragments(trash),1.05
glass,fragments(trash),1.05
glass,fragments(trash),1.05
glass,fragments(trash),1.05
metal,batteries,82.5
metal,batteries,82.5
metal,"bolts,nails,andscrews",82.5
metal,fragments(trash),1.05
metal,fragments(trash),1.05
metal,bottlecaps,1.9
metal,bottlecaps,1.9
metal,"bolts,nails,andscrews",82.5
metal,fragments(trash),1.05
metal,bottlecaps,1.9
metal,bottlecaps,1.9
metal,industrialpackagingorcratesorsheeting,82.5
metal,"bolts,nails,andscrews",82.5
metal,fragments(trash),1.05
metal,"bolts,nails,andscrews",82.5
metal,wrappers,14.61
metal,wrappers,14.61
metal,wrappers,14.61
metal,wrappers,14.61
metal,saucepacket,14.61
metal,saucepacket,14.61
metal,saucepacket,14.61
metal,saucepacket,14.61
paper,paper,6.1
paper,paper,6.1
paper,wrappers,14.61
paper,fragments(trash),1.05
paper,cigarettebutts,0.29
paper,plates,13.94
paper,fragments(trash),1.05
paper,fragments(trash),1.05
paper,cigarettebutts,0.29
paper,cigarettebutts,0.29
paper,cigarettebutts,0.29
paper,cigarettebutts,0.29
paper,fragments(trash),1.05
paper,cigarettebutts,0.29
paper,wrappers,14.61
paper,receipts,5
paper,fragments(trash),1.05
paper,cigarettebutts,0.29
paper,wrappers,14.61
paper,wrappers,14.61
paper,fragments(trash),1.05
paper,cigarettepackets,10.4
paper,fragments(trash),1.05
paper,receipts,5
paper,fragments(trash),1.05
paper,receipts,5
paper,cigarettebutts,0.29
paper,fragments(trash),1.05
paper,receipts,5
paper,fragments(trash),1.05
paper,fragments(trash),1.05
paper,wrappers,14.61
paper,fragments(trash),1.05
paper,fragments(trash),1.05
paper,wrappers,14.61
paper,wrappers,14.61
paper,cigarettebutts,0.29
paper,receipts,5
paper,wrappers,14.61
paper,wrappers,14.61
paper,cigarettepackets,10.4
paper,fragments(trash),1.05
paper,receipts,5
paper,fragments(trash),1.05
paper,cigarettebutts,0.29
paper,cigarettepackets,10.4
paper,"otherbottles,containersanddrums",29.8
paper,fragments(trash),1.05
paper,wrappers,14.61
paper,cigarettebutts,0.29
paper,cigarettebutts,0.29
paper,cigarettebutts,0.29
paper,cigarettebutts,0.29
paper,cigarettebutts,0.29
paper,cigarettebutts,0.29
paper,cigarettebutts,0.29
paper,cigarettebutts,0.29
paper,cigarettebutts,0.29
paper,cigarettebutts,0.29
paper,cigarettebutts,0.29
paper,fragments(trash),1.05
paper,cigarettebutts,0.29
paper,fragments(trash),1.05
paper,fragments(trash),1.05
paper,cigarettebutts,0.29
paper,fragments(trash),1.05
paper,cigarettebutts,0.29
paper,cigarettebutts,0.29
paper,fragments(trash),1.05
paper,bags,25.39
paper,receipts,5
paper,other,82.5
paper,fragments(trash),1.05
paper,fragments(trash),1.05
paper,fragments(trash),1.05
paper,napkins,11.9
paper,receipts,5
paper,cigarettebutts,0.29
paper,cigarettebutts,0.29
paper,cigarettebutts,0.29
paper,fragments(trash),1.05
paper,cigarettepackets,10.4
paper,cigarettebutts,0.29
paper,cigarettebutts,0.29
paper,cigarettebutts,0.29
paper,fragments(trash),1.05
paper,cigarettebutts,0.29
paper,cigarettebutts,0.29
paper,fragments(trash),1.05
paper,paper,6.1
paper,cigarettebutts,0.29
paper,fragments(trash),1.05
paper,cups,5.05
paper,fragments(trash),1.05
paper,fragments(trash),1.05
paper,cigarettebutts,0.29
paper,napkins,11.9
paper,cigarettebutts,0.29
paper,cigarettebutts,0.29
paper,cigarettebutts,0.29
paper,cigarettebutts,0.29
paper,cigarettebutts,0.29
paper,napkins,11.9
paper,fragments(trash),1.05
paper,cigarettebutts,0.29
paper,fragments(trash),1.05
paper,bags,25.39
paper,cigarettebutts,0.29
paper,cigarettebutts,0.29
paper,cigarettebutts,0.29
paper,newspapers&magazines,100
paper,wrappers,14.61
paper,paper,6.1
paper,napkins,11.9
paper,wrappers,14.61
paper,wrappers,14.61
paper,fragments(trash),1.05
paper,cigarettebutts,0.29
paper,cups,5.05
paper,cigarettebutts,0.29
paper,fragments(trash),1.05
plastic,wrappers,14.61
plastic,lids,3.64
plastic,wrappers,14.61
plastic,wrappers,14.61
plastic,wrappers,14.61
plastic,"bottlecaps,lids&pulltabs",1.9
plastic,fragments(trash),1.05
plastic,lids,3.64
plastic,fragments(trash),1.05
plastic,wrappers,14.61
plastic,wrappers,14.61
plastic,bottles&jars,29.8
plastic,fragments(trash),1.05
plastic,tape,14.61
plastic,wrappers,14.61
plastic,containersortubes,29.8
plastic,wrappers,14.61
plastic,wrappers,14.61
plastic,bags,8.52
plastic,fragments(trash),1.05
plastic,fragments(trash),1.05
plastic,string,8
plastic,fragments(trash),1.05
plastic,bags,8.52
plastic,beveragebottles,22.97
plastic,fragments(trash),1.05
plastic,beveragebottles,22.97
plastic,tape,14.61
plastic,wrappers,14.61
plastic,beveragebottles,22.97
plastic,lids,3.64
plastic,cups,6
plastic,other,82.5
plastic,gloves,82.5
plastic,containersortubes,29.8
plastic,gloves,82.5
plastic,straws,0.78
plastic,fragments(trash),1.05
plastic,lids,3.64
plastic,bottlecaps,1.9
plastic,wrappers,14.61
plastic,lids,3.64
plastic,other,82.5
plastic,strappingbandsorzip-ties,8
plastic,fragments(trash),1.05
plastic,strappingbandsorzip-ties,8
plastic,fragments(trash),1.05
plastic,tape,14.61
plastic,wrappers,14.61
plastic,tape,14.61
plastic,strappingbandsorzip-ties,8
plastic,fragments(trash),1.05
plastic,fragments(trash),1.05
plastic,lids,3.64
plastic,tape,14.61
plastic,strappingbandsorzip-ties,8
plastic,wrappers,14.61
plastic,strappingbandsorzip-ties,8
plastic,fragments(trash),1.05
plastic,tape,14.61
plastic,fragments(trash),1.05
plastic,strappingbandsorzip-ties,8
plastic,waterbottles,22.97
plastic,bags,8.52
plastic,fragments(trash),1.05
plastic,wrappers,14.61
plastic,bags,8.52
plastic,fragments(trash),1.05
plastic,wrappers,14.61
plastic,lids,3.64
plastic,bags,8.52
plastic,other,82.5
plastic,wrappers,14.61
plastic,fragments(trash),1.05
plastic,tape,14.61
plastic,strappingbandsorzip-ties,8
plastic,wrappers,14.61
plastic,strappingbandsorzip-ties,8
plastic,fragments(trash),1.05
plastic,bottlecaps,1.9
plastic,strappingbandsorzip-ties,8
plastic,bags,8.52
plastic,tape,14.61
plastic,fragments(trash),1.05
plastic,fragments(trash),1.05
plastic,wrappers,14.61
plastic,wrappers,14.61
plastic,tape,14.61
plastic,lids,3.64
plastic,bags,8.52
plastic,"bottlecaps,lids&pulltabs",1.9
plastic,wrappers,14.61
plastic,strappingbandsorzip-ties,8
plastic,strappingbandsorzip-ties,8
plastic,strappingbandsorzip-ties,8
plastic,waterbottles,22.97
plastic,wrappers,14.61
plastic,wrappers,14.61
plastic,wrappers,14.61
plastic,fragments(trash),1.05
plastic,wrappers,14.61
plastic,waterbottles,22.97
plastic,straws,0.78
plastic,wrappers,14.61
plastic,wrappers,14.61
plastic,fragments(trash),1.05
plastic,wrappers,14.61
plastic,fragments(trash),1.05
plastic,bags,8.52
plastic,wrappers,14.61
plastic,lids,3.64
plastic,waterbottles,22.97
plastic,wrappers,14.61
plastic,tape,14.61
plastic,wrappers,14.61
plastic,fragments(trash),1.05
plastic,saucepacket,14.61
plastic,bags,8.52
plastic,saucepacket,14.61
plastic,wrappers,14.61
plastic,wrappers,14.61
plastic,bags,8.52
plastic,"bar,pipe,orwire",20
plastic,wrappers,14.61
plastic,wrappers,14.61
plastic,saucepacket,14.61
plastic,fragments(trash),1.05
plastic,fragments(trash),1.05
plastic,cups,6
plastic,cups,6
plastic,fragments(trash),1.05
plastic,fragments(trash),1.05
plastic,fragments(trash),1.05
plastic,fragments(trash),1.05
plastic,fragments(trash),1.05
plastic,fragments(trash),1.05
plastic,fragments(trash),1.05
plastic,fragments(trash),1.05
plastic,fragments(trash),1.05
plastic,fragments(trash),1.05
plastic,fragments(trash),1.05
plastic,other,82.5
wood,fragments(trash),1.05
paper,fragments(trash),1.05
paper,fragments(trash),1.05
cloth,gloves,82.5
cloth,gloves,82.5
metal,wrappers,14.61
metal,containersortubes,29.8
metal,other,82.5
metal,wrappers,14.61
metal,wrappers,14.61
paper,other,82.5
paper,wrappers,14.61
paper,other,82.5
paper,wrappers,14.61
paper,wrappers,14.61
paper,fragments(trash),1.05
paper,bags,25.39
paper,wrappers,14.61
paper,cigarettebutts,0.29
paper,wrappers,14.61
paper,cigarettebutts,0.29
paper,fragments(trash),1.05
paper,wrappers,14.61
paper,cigarettebutts,0.29
paper,other,82.5
paper,other,82.5
paper,napkins,11.9
paper,wrappers,14.61
paper,cups,5.05
paper,cups,5.05
paper,cigarettebutts,0.29
paper,fragments(trash),1.05
paper,cups,5.05
paper,other,82.5
paper,cigarettebutts,0.29
paper,fragments(trash),1.05
paper,cigarettebutts,0.29
paper,fragments(trash),1.05
paper,cigarettebutts,0.29
paper,wrappers,14.61
paper,cups,5.05
paper,fragments(trash),1.05
plastic,bags,8.52
plastic,other,82.5
plastic,wrappers,14.61
plastic,beveragebottles,22.97
plastic,wrappers,14.61
plastic,wrappers,14.61
plastic,wrappers,14.61
plastic,wrappers,14.61
plastic,fragments(trash),1.05
plastic,wrappers,14.61
plastic,wrappers,14.61
plastic,wrappers,14.61
plastic,wrappers,14.61
plastic,wrappers,14.61
plastic,beveragebottles,22.97
plastic,wrappers,14.61
plastic,cups,6
plastic,lids,3.64
plastic,other,82.5
plastic,lids,3.64
plastic,wrappers,14.61
plastic,lids,3.64
plastic,beveragebottles,22.97
plastic,wrappers,14.61
plastic,wrappers,14.61
plastic,wrappers,14.61
plastic,saucepacket,14.61
plastic,waterbottles,22.97
plastic,bags,8.52
plastic,lids,3.64
plastic,lids,3.64
plastic,wrappers,14.61
plastic,bottlecaps,1.9
plastic,fragments(trash),1.05
plastic,tape,14.61
plastic,straws,0.78
plastic,lids,3.64
plastic,saucepacket,14.61
plastic,fragments(trash),1.05
plastic,bags,8.52
plastic,lids,3.64
plastic,"straws,stirrers",0.78
plastic,tape,14.61
plastic,wrappers,14.61
plastic,saucepacket,14.61
plastic,cups,6
plastic,fragments(trash),1.05
plastic,fragments(trash),1.05
plastic,fragments(trash),1.05
plastic,cups,6
plastic,fragments(trash),1.05
metal,cans,15.05
metal,containersortubes,29.8
metal,cans,15.05
metal,cans,15.05
metal,cans,15.05
paper,packaging,82.5
paper,other,82.5
paper,containersortubes,29.8
paper,packaging,82.5
paper,packaging,82.5
paper,packaging,82.5
paper,juicecarton,22.3
paper,juicecarton,22.3
paper,containersortubes,29.8
paper,containersortubes,29.8
paper,juicecarton,22.3
glass,beveragebottles,22.97
glass,other,82.5
metal,fragments(trash),1.05
metal,bottlecaps,1.9
metal,other,82.5
paper,receipts,5
paper,napkins,11.9
paper,receipts,5
paper,other,82.5
paper,receipts,5
paper,books,100
paper,cups,5.05
paper,containersortubes,29.8
paper,cups,5.05
paper,containersortubes,29.8
paper,napkins,11.9
paper,napkins,11.9
paper,containersortubes,29.8
paper,napkins,11.9
paper,bags,25.39
paper,napkins,11.9
paper,bags,25.39
paper,other,82.5
paper,containersortubes,29.8
paper,napkins,11.9
paper,cups,5.05
paper,cups,5.05
paper,cups,5.05
paper,cups,5.05
paper,receipts,5
paper,other,82.5
paper,fragments(trash),1.05
paper,napkins,11.9
paper,other,82.5
paper,other,82.5
paper,cups,5.05
paper,cups,5.05
paper,cups,5.05
paper,cups,5.05
paper,receipts,5
paper,wetwipes,11.9
paper,wetwipes,11.9
paper,wetwipes,11.9
paper,cups,5.05
paper,coffeecup,5.05
paper,cigarettepackets,10.4
paper,receipts,5
paper,receipts,5
paper,receipts,5
paper,napkins,11.9
paper,bags,25.39
paper,cups,5.05
paper,cups,5.05
paper,cups,5.05
paper,books,100
paper,fragments(trash),1.05
paper,cigarettepackets,10.4
paper,cigarettepackets,10.4
paper,cups,5.05
paper,cups,5.05
paper,cups,5.05
paper,paper,6.1
paper,containersortubes,29.8
paper,cups,5.05
paper,cups,5.05
paper,cups,5.05
paper,cups,5.05
paper,cups,5.05
paper,cups,5.05
paper,cups,5.05
paper,cups,5.05
paper,bags,25.39
paper,containersortubes,29.8
paper,containersortubes,29.8
paper,bags,25.39
paper,other,82.5
plastic,foodwrappers,14.61
plastic,foodwrappersorcontainers,15.42
plastic,foodwrappersorcontainers,15.42
plastic,bottlecaps,1.9
plastic,tape,14.61
plastic,foodwrappers,14.61
plastic,containersortubes,29.8
plastic,wrappers,14.61
plastic,straws,0.78
plastic,cigarettebutts,0.29
plastic,foodwrappersorcontainers,15.42
plastic,beveragebottles,22.97
plastic,other,82.5
plastic,foodwrappers,14.61
plastic,wrappers,14.61
plastic,cigarettepackets,10.4
plastic,straws,0.78
plastic,wrappers,14.61
plastic,wrappers,14.61
plastic,wrappers,14.61
plastic,foodwrappers,14.61
plastic,wrappers,14.61
plastic,drugs,82.5
plastic,bags,8.52
plastic,straws,0.78
plastic,wrappers,14.61
plastic,foodwrappers,14.61
plastic,wrappers,14.61
plastic,bottlecaps,1.9
plastic,cups,6
plastic,foodwrappers,14.61
plastic,foodwrappers,14.61
plastic,wrappers,14.61
plastic,bags,8.52
plastic,containersortubes,29.8
plastic,straws,0.78
plastic,cigarettebutts,0.29
plastic,utensil,4.26
plastic,dentalflossers,82.5
plastic,cups,6
plastic,wrappers,14.61
plastic,wrappers,14.61
plastic,foodwrappers,14.61
plastic,foodwrappers,14.61
plastic,wrappers,14.61
plastic,bottlecaps,1.9
plastic,lids,3.64
plastic,straws,0.78
plastic,cigarettebutts,0.29
plastic,wrappers,14.61
plastic,foodwrappers,14.61
plastic,lids,3.64
plastic,wrappers,14.61
plastic,foodwrappers,14.61
plastic,straws,0.78
plastic,wrappers,14.61
plastic,cups,6
plastic,cups,6
plastic,lids,3.64
plastic,containersortubes,29.8
plastic,bottlecaps,1.9
plastic,cups,6
plastic,cups,6
plastic,lids,3.64
plastic,containersortubes,29.8
plastic,bags,8.52
plastic,cigarettebutts,0.29
plastic,foodwrappers,14.61
plastic,utensil,4.26
plastic,other,82.5
plastic,foodwrappers,14.61
plastic,foodwrappers,14.61
plastic,waterbottles,22.97
plastic,foodwrappers,14.61
plastic,other,82.5
plastic,other,82.5
plastic,foodwrappers,14.61
plastic,foodwrappers,14.61
plastic,foodwrappers,14.61
plastic,cigarettepackets,10.4
plastic,cigarettepackets,10.4
plastic,lids,3.64
plastic,cigarettepackets,10.4
plastic,foodwrappers,14.61
plastic,containersortubes,29.8
plastic,wrappers,14.61
plastic,bags,8.52
plastic,containersortubes,29.8
plastic,containersortubes,29.8
plastic,tape,14.61
plastic,other,82.5
plastic,wrappers,14.61
plastic,foodwrappers,14.61
plastic,cigarettepackets,10.4
plastic,straws,0.78
plastic,foodwrappers,14.61
plastic,cups,6
plastic,wrappers,14.61
plastic,wrappers,14.61
plastic,foodwrappers,14.61
plastic,foodwrappers,14.61
plastic,straws,0.78
plastic,foodwrappers,14.61
plastic,foodwrappers,14.61
plastic,lids,3.64
plastic,straws,0.78
plastic,straws,0.78
plastic,wrappers,14.61
plastic,waterbottles,22.97
plastic,foodwrappers,14.61
plastic,containersortubes,29.8
plastic,wrappers,14.61
plastic,foodwrappers,14.61
plastic,lids,3.64
plastic,wrappers,14.61
plastic,bags,8.52
plastic,lids,3.64
plastic,bags,8.52
plastic,bags,8.52
plastic,wrappers,14.61
plastic,foodwrappers,14.61
plastic,bags,8.52
plastic,foodwrappers,14.61
plastic,foodwrappers,14.61
plastic,straws,0.78
plastic,waterbottles,22.97
plastic,waterbottles,22.97
plastic,straws,0.78
plastic,containersortubes,29.8
plastic,containersortubes,29.8
plastic,containersortubes,29.8
plastic,beveragebottles,22.97
plastic,bags,8.52
plastic,cigarettepackets,10.4
plastic,wrappers,14.61
plastic,wrappers,14.61
plastic,wrappers,14.61
plastic,bags,8.52
plastic,containersortubes,29.8
plastic,coffeecuplid,3.64
plastic,wrappers,14.61
plastic,foodwrappers,14.61
plastic,containersortubes,29.8
plastic,foodwrappers,14.61
cloth,rope,8
plastic,other,82.5
plastic,other,82.5
cloth,"clothing,hats,gloves&towels",82.5
plastic,other,82.5
plastic,plates,10.05
plastic,other,82.5
plastic,other,82.5
plastic,other,82.5
plastic,packaging,82.5
plastic,packaging,82.5
plastic,other,82.5
plastic,other,82.5
plastic,other,82.5
plastic,other,82.5
plastic,cups,6
plastic,cups,6
plastic,other,82.5
plastic,other,82.5
plastic,other,82.5
plastic,cups,6
plastic,cups,6
plastic,plates,10.05
plastic,cups,6
plastic,other,82.5
plastic,other,82.5
plastic,plates,10.05
plastic,plates,10.05
plastic,plates,10.05
plastic,cups,6
plastic,cups,6
plastic,cups,6
plastic,other,82.5
plastic,cups,6
plastic,cups,6
plastic,cups,6
organic,food,29
paper,other,82.5
paper,other,82.5
paper,other,82.5
glass,beveragebottles,22.97
glass,beveragebottles,22.97
glass,beveragebottles,22.97
glass,beveragebottles,22.97
glass,beveragebottles,22.97
glass,other,82.5
metal,other,82.5
metal,bottlecaps,1.9
metal,bottlecaps,1.9
paper,cigarettepackets,10.4
paper,containersortubes,29.8
paper,plates,13.94
paper,plates,13.94
paper,napkins,11.9
paper,napkins,11.9
paper,receipts,5
paper,fragments(trash),1.05
paper,wrappers,14.61
paper,plates,13.94
plastic,lids,3.64
plastic,foodwrappers,14.61
plastic,foodwrappers,14.61
plastic,gloves,82.5
plastic,straws,0.78
plastic,lids,3.64
plastic,foodwrappers,14.61
plastic,foodwrappers,14.61
plastic,containersortubes,29.8
plastic,foodwrappers,14.61
plastic,lids,3.64
plastic,foodwrappers,14.61
plastic,foodwrappers,14.61
plastic,straws,0.78
plastic,wrappers,14.61
plastic,bags,8.52
plastic,bags,8.52
plastic,other,82.5
plastic,cigarettebutts,0.29
plastic,cigarettebutts,0.29
plastic,cigarettepackets,10.4
plastic,cups,6
plastic,cups,6
plastic,cups,6
plastic,cups,6
plastic,other,82.5
plastic,cups,6
metal,lids,2
metal,cans,15.05
metal,cans,15.05
metal,foil,5.05
plastic,other,82.5
paper,packaging,82.5
cloth,other,82.5
glass,beveragebottles,22.97
glass,beveragebottles,22.97
metal,utensil,4.26
metal,telephone,82.5
metal,telephone,82.5
metal,coffeecup,15.05
paper,other,82.5
paper,bags,25.39
paper,bags,25.39
paper,wrappers,14.61
paper,receipts,5
paper,containersortubes,29.8
paper,cups,5.05
paper,foodwrappers,14.61
paper,napkins,11.9
paper,napkins,11.9
paper,other,82.5
paper,plates,13.94
paper,bags,25.39
paper,plates,13.94
paper,other,82.5
paper,plates,13.94
paper,receipts,5
paper,containersortubes,29.8
paper,other,82.5
paper,other,82.5
paper,napkins,11.9
paper,plates,13.94
paper,napkins,11.9
paper,other,82.5
paper,cups,5.05
paper,receipts,5
paper,receipts,5
paper,napkins,11.9
paper,foodwrappers,14.61
paper,other,82.5
paper,coffeecup,5.05
paper,bags,25.39
paper,napkins,11.9
paper,wrappers,14.61
paper,containersortubes,29.8
paper,containersortubes,29.8
paper,napkins,11.9
paper,napkins,11.9
paper,coffeecup,5.05
paper,paper,6.1
paper,other,82.5
paper,napkins,11.9
paper,lids,1.81
paper,books,100
paper,containersortubes,29.8
paper,receipts,5
plastic,beveragebottles,22.97
plastic,wrappers,14.61
plastic,foodwrappers,14.61
plastic,foodwrappers,14.61
plastic,foodwrappers,14.61
plastic,cigarettebutts,0.29
plastic,fragments(trash),1.05
plastic,cigarettebutts,0.29
plastic,cups,6
plastic,cups,6
plastic,containersortubes,29.8
plastic,lids,3.64
plastic,cigarettebutts,0.29
plastic,cigarettebutts,0.29
plastic,foodwrappers,14.61
plastic,foodwrappers,14.61
plastic,foodwrappers,14.61
plastic,cigarettebutts,0.29
plastic,cigarettebutts,0.29
plastic,foodwrappers,14.61
plastic,straws,0.78
plastic,cigarettepackets,10.4
plastic,foodwrappers,14.61
plastic,cigarettebutts,0.29
plastic,cigarettebutts,0.29
plastic,bags,8.52
plastic,wrappers,14.61
plastic,wrappers,14.61
plastic,foodwrappers,14.61
plastic,lids,3.64
plastic,straws,0.78
plastic,cups,6
plastic,other,82.5
plastic,beveragebottles,22.97
plastic,wrappers,14.61
plastic,cups,6
plastic,foodwrappers,14.61
plastic,lids,3.64
plastic,bags,8.52
plastic,cups,6
plastic,straws,0.78
plastic,straws,0.78
plastic,bottlecaps,1.9
plastic,cups,6
plastic,containersortubes,29.8
plastic,waterbottles,22.97
plastic,foodwrappers,14.61
plastic,cigarettebutts,0.29
plastic,lids,3.64
plastic,straws,0.78
plastic,cups,6
plastic,beveragebottles,22.97
plastic,straws,0.78
plastic,foodwrappers,14.61
plastic,cigarettebutts,0.29
plastic,foodwrappers,14.61
plastic,lids,3.64
plastic,foodwrappers,14.61
plastic,foodwrappers,14.61
plastic,cigarettebutts,0.29
plastic,foodwrappers,14.61
plastic,cigarettepackets,10.4
plastic,bags,8.52
plastic,lids,3.64
plastic,bags,8.52
plastic,cups,6
plastic,containersortubes,29.8
plastic,wrappers,14.61
plastic,foodwrappers,14.61
plastic,foodwrappers,14.61
plastic,foodwrappers,14.61
plastic,foodwrappers,14.61
plastic,utensil,4.26
plastic,foodwrappers,14.61
plastic,containersortubes,29.8
plastic,foodwrappers,14.61
plastic,foodwrappers,14.61
plastic,lids,3.64
plastic,cigarettebutts,0.29
plastic,straws,0.78
plastic,cigarettebutts,0.29
plastic,straws,0.78
plastic,cigarettebutts,0.29
plastic,cigarettebutts,0.29
plastic,other,82.5
plastic,wrappers,14.61
plastic,wrappers,14.61
plastic,foodwrappers,14.61
plastic,beveragebottles,22.97
plastic,foodwrappers,14.61
plastic,lids,3.64
plastic,foodwrappers,14.61
plastic,other,82.5
plastic,wrappers,14.61
plastic,wrappers,14.61
plastic,foodwrappers,14.61
plastic,foodwrappers,14.61
plastic,wrappers,14.61
plastic,bags,8.52
plastic,bottlecaps,1.9
plastic,waterbottles,22.97
plastic,other,82.5
plastic,lids,3.64
plastic,foodwrappers,14.61
plastic,wrappers,14.61
plastic,lids,3.64
plastic,foodwrappers,14.61
plastic,containersortubes,29.8
plastic,wrappers,14.61
plastic,foodwrappers,14.61
plastic,juicecarton,22.3
plastic,foodwrappers,14.61
plastic,bottlecaps,1.9
plastic,containersortubes,29.8
plastic,cigarettepackets,10.4
plastic,straws,0.78
plastic,cigarettebutts,0.29
plastic,cigarettepackets,10.4
plastic,straws,0.78
plastic,containersortubes,29.8
plastic,lids,3.64
plastic,foodwrappers,14.61
plastic,cigarettepackets,10.4
plastic,cigarettebutts,0.29
plastic,bags,8.52
plastic,foodwrappers,14.61
plastic,bags,8.52
plastic,foodwrappers,14.61
plastic,lids,3.64
plastic,cigarettebutts,0.29
plastic,bottlecaps,1.9
plastic,wrappers,14.61
plastic,cigarettebutts,0.29
plastic,gloves,82.5
plastic,gloves,82.5
plastic,cups,6
plastic,other,82.5
plastic,cups,6
plastic,cups,6
plastic,cups,6
plastic,cups,6
plastic,cups,6
plastic,other,82.5
plastic,cups,6
plastic,cups,6
plastic,cups,6
plastic,cups,6
plastic,other,82.5
plastic,other,82.5
plastic,other,82.5
plastic,other,82.5
plastic,other,82.5
plastic,other,82.5
plastic,other,82.5
plastic,other,82.5
plastic,other,82.5
plastic,other,82.5
plastic,other,82.5
plastic,other,82.5
plastic,other,82.5
plastic,other,82.5
metal,fragments(trash),1.05
paper,paperornapkinsortissues,11.9
paper,fragments(trash),1.05
paper,cigarettebutts,0.29
paper,cigarettebutts,0.29
paper,cigarettebutts,0.29
plastic,lids,3.64
plastic,wrappers,14.61
plastic,wrappers,14.61
plastic,straws,0.78
plastic,wrappers,14.61
plastic,wrappers,14.61
plastic,other,82.5
plastic,cups,6
plastic,cups,6
plastic,other,82.5
plastic,other,82.5
plastic,lids,3.64
plastic,other,82.5
plastic,wrappers,14.61
plastic,pensorpencils,82.5
plastic,packaging,82.5
plastic,cigarettebutts,0.29
cloth,clothing,82.5
cloth,cigarettefilters,0.29
cloth,cigarettefilters,0.29
cloth,cigarettefilters,0.29
cloth,cigarettefilters,0.29
cloth,cigarettefilters,0.29
cloth,cigarettefilters,0.29
cloth,clothing,82.5
cloth,cigarettefilters,0.29
cloth,cigarettefilters,0.29
glass,beveragebottles,22.97
glass,beveragebottles,22.97
glass,fragments(trash),1.05
paper,wrappers,14.61
paper,fragments(trash),1.05
paper,fragments(trash),1.05
paper,cups,5.05
paper,napkins,11.9
paper,wrappers,14.61
paper,wrappers,14.61
paper,wrappers,14.61
paper,other,82.5
paper,wrappers,14.61
paper,other,82.5
paper,wrappers,14.61
paper,other,82.5
paper,wrappers,14.61
paper,paperornapkinsortissues,11.9
paper,other,82.5
paper,paperornapkinsortissues,11.9
paper,wrappers,14.61
paper,paperornapkinsortissues,11.9
paper,wrappers,14.61
paper,fragments(trash),1.05
paper,fragments(trash),1.05
paper,fragments(trash),1.05
paper,other,82.5
paper,wrappers,14.61
paper,other,82.5
paper,other,82.5
paper,other,82.5
paper,other,82.5
paper,other,82.5
paper,other,82.5
paper,other,82.5
paper,wrappers,14.61
paper,wrappers,14.61
paper,other,82.5
paper,other,82.5
paper,wrappers,14.61
paper,paperornapkinsortissues,11.9
paper,other,82.5
paper,wrappers,14.61
paper,other,82.5
paper,paperornapkinsortissues,11.9
paper,paperornapkinsortissues,11.9
paper,wrappers,14.61
paper,fragments(trash),1.05
paper,other,82.5
paper,paperornapkinsortissues,11.9
paper,paperornapkinsortissues,11.9
paper,wrappers,14.61
paper,other,82.5
paper,wrappers,14.61
paper,other,82.5
paper,paperornapkinsortissues,11.9
paper,fragments(trash),1.05
paper,paperornapkinsortissues,11.9
paper,other,82.5
paper,other,82.5
paper,other,82.5
paper,other,82.5
paper,other,82.5
paper,other,82.5
paper,other,82.5
paper,fragments(trash),1.05
paper,fragments(trash),1.05
paper,fragments(trash),1.05
paper,fragments(trash),1.05
paper,receipts,5
paper,cigarettebutts,0.29
paper,cigarettebutts,0.29
paper,cigarettebutts,0.29
paper,cigarettebutts,0.29
paper,cigarettebutts,0.29
paper,cigarettebutts,0.29
paper,wrappers,14.61
paper,wrappers,14.61
paper,wrappers,14.61
plastic,other,82.5
plastic,containersortubes,29.8
plastic,wrappers,14.61
plastic,wrappers,14.61
plastic,wrappers,14.61
plastic,wrappers,14.61
plastic,wrappers,14.61
plastic,bags,8.52
plastic,wrappers,14.61
plastic,wrappers,14.61
plastic,wrappers,14.61
plastic,wrappers,14.61
plastic,wrappers,14.61
plastic,wrappers,14.61
plastic,bags,8.52
plastic,wrappers,14.61
plastic,utensil,4.26
plastic,wrappers,14.61
plastic,beveragebottles,22.97
plastic,other,82.5
plastic,other,82.5
plastic,wrappers,14.61
plastic,wrappers,14.61
plastic,wrappers,14.61
plastic,beveragebottles,22.97
plastic,wrappers,14.61
plastic,wrappers,14.61
plastic,cups,6
plastic,wrappers,14.61
plastic,wrappers,14.61
plastic,wrappers,14.61
plastic,wrappers,14.61
plastic,wrappers,14.61
plastic,wrappers,14.61
plastic,wrappers,14.61
plastic,wrappers,14.61
plastic,wrappers,14.61
plastic,other,82.5
plastic,wrappers,14.61
plastic,wrappers,14.61
plastic,wrappers,14.61
plastic,wrappers,14.61
plastic,other,82.5
plastic,tape,14.61
plastic,other,82.5
plastic,wrappers,14.61
plastic,other,82.5
plastic,wrappers,14.61
plastic,wrappers,14.61
plastic,other,82.5
plastic,wrappers,14.61
plastic,bags,8.52
plastic,wrappers,14.61
plastic,wrappers,14.61
plastic,wrappers,14.61
plastic,wrappers,14.61
plastic,other,82.5
plastic,wrappers,14.61
plastic,wrappers,14.61
plastic,other,82.5
plastic,wrappers,14.61
plastic,wrappers,14.61
plastic,wrappers,14.61
plastic,wrappers,14.61
plastic,wrappers,14.61
plastic,wrappers,14.61
plastic,wrappers,14.61
plastic,wrappers,14.61
plastic,wrappers,14.61
plastic,wrappers,14.61
plastic,wrappers,14.61
plastic,wrappers,14.61
plastic,bandages,82.5
plastic,containersortubes,29.8
plastic,containersortubes,29.8
plastic,other,82.5
plastic,food,29
plastic,"bolts,nails,andscrews",82.5
plastic,packaging,82.5
wood,pensorpencils,82.5
cloth,towelsorrags,82.5
organic,food,29
glass,beveragebottles,22.97
glass,beveragebottles,22.97
glass,other,82.5
metal,piping,82.5
metal,bottlecaps,1.9
metal,beveragecans,16.94
metal,bottlecaps,1.9
paper,paper,6.1
paper,wrappers,14.61
paper,newspapers&magazines,100
paper,newspapers&magazines,100
paper,wrappers,14.61
paper,wrappers,14.61
paper,wrappers,14.61
paper,newspapers&magazines,100
paper,newspapers&magazines,100
paper,wrappers,14.61
paper,bags,25.39
paper,fragments(trash),1.05
paper,other,82.5
paper,newspapers&magazines,100
paper,fragments(trash),1.05
paper,wrappers,14.61
plastic,piping,82.5
plastic,piping,82.5
plastic,other,82.5
plastic,other,82.5
plastic,cigarettebutts,0.29
plastic,cigarettebutts,0.29
plastic,foodwrappers,14.61
plastic,bottlecaps,1.9
plastic,cigarettebutts,0.29
plastic,lids,3.64
plastic,cigarettebutts,0.29
plastic,cigarettebutts,0.29
plastic,cigarettebutts,0.29
plastic,toys,82.5
plastic,cigarettebutts,0.29
plastic,cigarettebutts,0.29
plastic,cigarettebutts,0.29
plastic,cigarettebutts,0.29
plastic,cigarettebutts,0.29
plastic,foodwrappers,14.61
plastic,wrappers,14.61
plastic,cigarettebutts,0.29
plastic,bag(grocery),6.46
plastic,straws,0.78
plastic,trafficcones,82.5
plastic,bottlecaps,1.9
plastic,"cd,cd-box",82.5
plastic,tape,14.61
plastic,piping,82.5
plastic,other,82.5
plastic,tobaccopackaging&wrappers,10.4
plastic,tobaccopackaging&wrappers,10.4
plastic,other,82.5
plastic,straws,0.78
plastic,toothbrushes,82.5
plastic,foodwrappers,14.61
plastic,balls,82.5
plastic,cigarettebutts,0.29
plastic,cigarettebutts,0.29
plastic,cigarettebutts,0.29
plastic,cigarettebutts,0.29
plastic,cigarettebutts,0.29
plastic,cigarettebutts,0.29
plastic,cigarettebutts,0.29
plastic,piping,82.5
plastic,cigarettebutts,0.29
plastic,foodwrappers,14.61
plastic,balls,82.5
metal,beveragecans,16.94
paper,fragments(trash),1.05
paper,other,82.5
paper,foodwrappers,14.61
paper,other,82.5
paper,fragments(trash),1.05
paper,wrappers,14.61
paper,cups,5.05
paper,other,82.5
paper,fragments(trash),1.05
paper,fragments(trash),1.05
paper,fragments(trash),1.05
paper,receipts,5
paper,fragments(trash),1.05
paper,other,82.5
paper,fragments(trash),1.05
plastic,cigarettebutts,0.29
plastic,cigarettebutts,0.29
plastic,cigarettebutts,0.29
plastic,cigarettebutts,0.29
plastic,foodwrappers,14.61
plastic,cigarettebutts,0.29
plastic,foodwrappers,14.61
plastic,foodwrappers,14.61
plastic,bottlecaps,1.9
plastic,beveragebottles,22.97
plastic,cigarettebutts,0.29
plastic,cigarettebutts,0.29
plastic,foodwrappers,14.61
plastic,cigarettebutts,0.29
plastic,other,82.5
plastic,other,82.5
plastic,foodwrappers,14.61
plastic,straws,0.78
plastic,bottlecaps,1.9
plastic,cigarettebutts,0.29
plastic,cigarettebutts,0.29
plastic,foodwrappers,14.61
plastic,cigarettebutts,0.29
plastic,cigarettebutts,0.29
plastic,cigarettebutts,0.29
plastic,cigarettebutts,0.29
plastic,bottlecaps,1.9
plastic,other,82.5
glass,other,82.5
metal,cans,15.05
paper,other,82.5
paper,fragments(trash),1.05
paper,wrappers,14.61
paper,fragments(trash),1.05
paper,wrappers,14.61
paper,wrappers,14.61
plastic,cigarettebutts,0.29
plastic,bottlecaps,1.9
plastic,beveragebottles,22.97
plastic,wrappers,14.61
plastic,other,82.5
plastic,foodwrappers,14.61
plastic,wrappers,14.61
plastic,cigarettebutts,0.29
plastic,other,82.5
plastic,lids,3.64
plastic,cigarettebutts,0.29
plastic,cigarettebutts,0.29
plastic,fragments(trash),1.05
plastic,cigarettebutts,0.29
plastic,cigarettebutts,0.29
plastic,foodwrappers,14.61
plastic,cigarettebutts,0.29
plastic,cigarettebutts,0.29
plastic,cigarettebutts,0.29
plastic,cigarettebutts,0.29
plastic,cigarettebutts,0.29
plastic,cigarettebutts,0.29
plastic,cigarettebutts,0.29
plastic,cigarettebutts,0.29
plastic,cigarettebutts,0.29
plastic,balls,82.5
plastic,packaging,82.5
plastic,cups,6
metal,foil,5.05
metal,foil,5.05
metal,other,82.5
metal,other,82.5
metal,foil,5.05
organic,food,29
organic,food,29
cloth,other,82.5
cloth,other,82.5
cloth,other,82.5
cloth,fragments(trash),1.05
cloth,fragments(trash),1.05
cloth,fragments(trash),1.05
cloth,fragments(trash),1.05
cloth,fragments(trash),1.05
cloth,clothing,82.5
cloth,hairtie,82.5
plastic,cigarettebutts,0.29
plastic,cigarettebutts,0.29
plastic,cigarettebutts,0.29
plastic,cigarettebutts,0.29
plastic,cigarettebutts,0.29
plastic,cigarettebutts,0.29
plastic,cigarettebutts,0.29
plastic,cigarettebutts,0.29
plastic,cigarettebutts,0.29
plastic,cigarettebutts,0.29
plastic,cigarettebutts,0.29
plastic,cigarettebutts,0.29
plastic,packaging,82.5
plastic,other,82.5
plastic,other,82.5
plastic,fragments(trash),1.05
metal,foil,5.05
metal,wrappers,14.61
glass,fragments(trash),1.05
glass,fragments(trash),1.05
glass,fragments(trash),1.05
glass,fragments(trash),1.05
metal,other,82.5
metal,"bar,pipe,orwire",29.2
metal,carparts,82.5
paper,cigarettebutts,0.29
paper,wrappers,14.61
paper,napkins,11.9
paper,bag(grocery),6.46
paper,fragments(trash),1.05
paper,other,82.5
paper,receipts,5
paper,napkins,11.9
paper,receipts,5
paper,other,82.5
paper,lollysticks,1.3
paper,other,82.5
paper,other,82.5
paper,napkins,11.9
paper,other,82.5
paper,other,82.5
paper,other,82.5
paper,other,82.5
paper,fragments(trash),1.05
paper,other,82.5
paper,napkins,11.9
paper,cigarettebutts,0.29
paper,wrappers,14.61
paper,other,82.5
paper,other,82.5
paper,paper,6.1
paper,other,82.5
paper,other,82.5
paper,cigarettebutts,0.29
paper,bags,25.39
paper,cigarettebutts,0.29
paper,cigarettebutts,0.29
paper,other,82.5
paper,other,82.5
paper,cigarettebutts,0.29
paper,other,82.5
paper,cigarettebutts,0.29
paper,cigarettebutts,0.29
paper,other,82.5
paper,cigarettebutts,0.29
paper,other,82.5
paper,other,82.5
paper,cigarettebutts,0.29
paper,other,82.5
paper,other,82.5
paper,cigarettebutts,0.29
paper,wrappers,14.61
paper,other,82.5
paper,receipts,5
paper,bags,25.39
paper,cigarettebutts,0.29
paper,other,82.5
paper,napkins,11.9
paper,other,82.5
paper,cigarettebutts,0.29
paper,other,82.5
paper,wrappers,14.61
paper,cigarettebutts,0.29
paper,other,82.5
paper,other,82.5
paper,other,82.5
paper,cigarettebutts,0.29
paper,other,82.5
paper,other,82.5
paper,other,82.5
paper,other,82.5
paper,other,82.5
paper,other,82.5
paper,other,82.5
paper,other,82.5
paper,other,82.5
paper,other,82.5
paper,wrappers,14.61
paper,other,82.5
paper,other,82.5
paper,other,82.5
paper,other,82.5
paper,paper,6.1
paper,other,82.5
paper,other,82.5
paper,other,82.5
paper,other,82.5
paper,other,82.5
paper,other,82.5
paper,other,82.5
paper,other,82.5
paper,napkins,11.9
paper,wrappers,14.61
paper,cardboard,15.05
paper,other,82.5
paper,receipts,5
paper,wrappers,14.61
paper,lollysticks,1.3
paper,other,82.5
paper,wrappers,14.61
paper,cigarettebutts,0.29
paper,wrappers,14.61
paper,other,82.5
paper,other,82.5
paper,other,82.5
paper,wrappers,14.61
paper,other,82.5
paper,other,82.5
paper,other,82.5
paper,wrappers,14.61
paper,other,82.5
paper,cigarettebutts,0.29
paper,cigarettebutts,0.29
paper,napkins,11.9
paper,fragments(trash),1.05
paper,other,82.5
paper,other,82.5
paper,fragments(trash),1.05
paper,paper,6.1
paper,fragments(trash),1.05
paper,wrappers,14.61
paper,lollysticks,1.3
paper,other,82.5
paper,fragments(trash),1.05
paper,fragments(trash),1.05
paper,other,82.5
paper,other,82.5
paper,other,82.5
paper,paper,6.1
paper,other,82.5
paper,fragments(trash),1.05
paper,other,82.5
paper,other,82.5
paper,cigarettebutts,0.29
paper,other,82.5
paper,other,82.5
paper,other,82.5
paper,other,82.5
paper,wrappers,14.61
paper,other,82.5
paper,napkins,11.9
paper,paper,6.1
paper,paper,6.1
paper,receipts,5
paper,other,82.5
paper,napkins,11.9
paper,receipts,5
paper,napkins,11.9
paper,other,82.5
paper,fragments(trash),1.05
paper,cardboard,15.05
paper,paper,6.1
paper,paper,6.1
paper,cigarettebutts,0.29
paper,cigarettebutts,0.29
paper,cigarettebutts,0.29
paper,newspapers&magazines,100
paper,napkins,11.9
paper,fragments(trash),1.05
paper,receipts,5
paper,other,82.5
paper,napkins,11.9
paper,napkins,11.9
paper,other,82.5
paper,napkins,11.9
paper,other,82.5
paper,other,82.5
paper,other,82.5
paper,other,82.5
paper,paper,6.1
paper,other,82.5
paper,other,82.5
paper,cottonbudsticks,82.5
paper,napkins,11.9
paper,bags,25.39
paper,wrappers,14.61
paper,wrappers,14.61
paper,wrappers,14.61
paper,wrappers,14.61
paper,cardboard,15.05
paper,packaging,82.5
paper,cigarettebutts,0.29
paper,cigarettebutts,0.29
paper,cigarettebutts,0.29
paper,cigarettebutts,0.29
paper,cigarettebutts,0.29
paper,cigarettebutts,0.29
paper,cigarettebutts,0.29
paper,paper,6.1
paper,other,82.5
plastic,wrappers,14.61
plastic,utensil,4.26
plastic,other,82.5
plastic,other,82.5
plastic,wrappers,14.61
plastic,other,82.5
plastic,other,82.5
plastic,other,82.5
plastic,other,82.5
plastic,other,82.5
plastic,pensorpencils,82.5
plastic,string,8
plastic,other,82.5
plastic,other,82.5
plastic,other,82.5
plastic,other,82.5
plastic,other,82.5
plastic,string,8
plastic,other,82.5
plastic,other,82.5
plastic,other,82.5
plastic,bags,8.52
plastic,cups,6
plastic,strappingbandsorzip-ties,8
plastic,string,8
plastic,other,82.5
plastic,wrappers,14.61
plastic,other,82.5
plastic,other,82.5
plastic,other,82.5
plastic,other,82.5
plastic,other,82.5
plastic,other,82.5
plastic,bags,8.52
plastic,other,82.5
plastic,other,82.5
plastic,food,29
plastic,wrappers,14.61
plastic,other,82.5
plastic,pensorpencils,82.5
plastic,other,82.5
plastic,wrappers,14.61
plastic,lightbulbs,82.5
plastic,other,82.5
plastic,other,82.5
plastic,string,8
plastic,other,82.5
plastic,other,82.5
plastic,other,82.5
plastic,other,82.5
plastic,wrappers,14.61
plastic,other,82.5
plastic,wrappers,14.61
plastic,other,82.5
plastic,other,82.5
plastic,other,82.5
plastic,fragments(trash),1.05
plastic,other,82.5
plastic,wrappers,14.61
plastic,wrappers,14.61
plastic,other,82.5
plastic,wrappers,14.61
plastic,wrappers,14.61
plastic,lightbulbs,82.5
plastic,wrappers,14.61
plastic,wrappers,14.61
plastic,other,82.5
plastic,other,82.5
plastic,wrappers,14.61
plastic,receipts,5
plastic,wrappers,14.61
plastic,other,82.5
plastic,other,82.5
plastic,other,82.5
plastic,wrappers,14.61
plastic,other,82.5
plastic,wrappers,14.61
plastic,other,82.5
plastic,string,8
plastic,wrappers,14.61
plastic,wrappers,14.61
plastic,other,82.5
plastic,other,82.5
plastic,wrappers,14.61
plastic,other,82.5
plastic,other,82.5
plastic,other,82.5
plastic,other,82.5
plastic,wrappers,14.61
plastic,wrappers,14.61
plastic,wrappers,14.61
plastic,other,82.5
plastic,straws,0.78
plastic,wrappers,14.61
plastic,wrappers,14.61
plastic,other,82.5
plastic,other,82.5
plastic,wrappers,14.61
plastic,other,82.5
plastic,string,8
plastic,personalcareproducts,82.5
plastic,wrappers,14.61
plastic,beveragebottles,22.97
plastic,string,8
plastic,other,82.5
plastic,other,82.5
plastic,bags,8.52
plastic,other,82.5
plastic,other,82.5
plastic,fragments(trash),1.05
plastic,other,82.5
plastic,other,82.5
plastic,wrappers,14.61
plastic,other,82.5
plastic,cups,6
plastic,bags,8.52
plastic,cups,6
plastic,cups,6
plastic,wrappers,14.61
plastic,lids,3.64
plastic,lids,3.64
plastic,other,82.5
plastic,other,82.5
plastic,cups,6
plastic,other,82.5
plastic,other,82.5
plastic,wrappers,14.61
plastic,bags,8.52
plastic,other,82.5
plastic,wrappers,14.61
plastic,lids,3.64
plastic,bags,8.52
plastic,beveragebottles,22.97
plastic,wrappers,14.61
plastic,other,82.5
plastic,wrappers,14.61
plastic,bags,8.52
plastic,wrappers,14.61
plastic,beveragecontainers,22.3
plastic,wrappers,14.61
plastic,wrappers,14.61
plastic,other,82.5
plastic,other,82.5
plastic,cups,6
plastic,wrappers,14.61
plastic,other,82.5
plastic,bags,8.52
plastic,wrappers,14.61
plastic,wrappers,14.61
plastic,wrappers,14.61
plastic,wrappers,14.61
plastic,wrappers,14.61
plastic,wrappers,14.61
plastic,wrappers,14.61
plastic,wrappers,14.61
plastic,wrappers,14.61
plastic,wrappers,14.61
plastic,lids,3.64
plastic,cups,6
plastic,wrappers,14.61
plastic,wrappers,14.61
plastic,bags,8.52
plastic,other,82.5
plastic,other,82.5
plastic,cups,6
plastic,cups,6
plastic,wrappers,14.61
plastic,wrappers,14.61
plastic,bags,8.52
plastic,other,82.5
plastic,string,8
plastic,hairtie,82.5
plastic,cigarettelighters,82.5
plastic,lollysticks,1.3
plastic,personalcareproducts,82.5
plastic,food,29
plastic,food,29
plastic,food,29
plastic,food,29
plastic,food,29
plastic,food,29
plastic,food,29
plastic,food,29
plastic,food,29
plastic,food,29
plastic,food,29
plastic,food,29
plastic,food,29
plastic,food,29
plastic,packaging,82.5
plastic,packaging,82.5
plastic,packaging,82.5
plastic,packaging,82.5
plastic,tape,14.61
metal,other,82.5
metal,other,82.5