Item,Alias,readable,
4or6packyokes,"4/6-packyokes,six-packrings",4 OR 6 pack yokes,
4or6packyokes,4/6-packyokes,4 OR 6 pack yokes,
4or6packyokes,4/6packyokes,4 OR 6 pack yokes,
"advertisements,signs","advertisements,signs","advertisements, signs",
aerosolcans,aerosol/spraycans,aerosol cans,
aerosolcans,aerosolcans,aerosol cans,
aerosolcans,aerosolcan,aerosol cans,
aerosolcans,aerosol/speaycansindustry,aerosol cans,
agriculturaltarpaulinandpackaging,agriculturaltarpaulinandpackaging,agricultural tarpaulin and packaging,
alcoholother,paperalcoholpackaging,alcohol other,
alcoholother,alcoholother,alcohol other,
alcoholother,papercardalcoholpackaging,alcohol other,
anchor,anchor,anchor,
appliances,appliances,appliances,
appliances,electricappliances,appliances,
appliances,appliances:household,appliances,
appliances,appliances(refigeratorsorwashersetc),appliances,
appliances,appliances(refigeratorsorwastersetc),appliances,
appliances,appliances&electronics,appliances,
appliances,"appliances(refrigerators,washers,etc.)",appliances,
"appliances,bikes,carts","appliances,bikes,carts","appliances, bikes, carts",
autoproducts,autoproducts,auto products,
backpacks&bags,backpacks&bags,backpacks & bags,
bag(grocery),grocerybags(plastic),bag (grocery),
bag(grocery),bag(grocery),bag (grocery),
bag(grocery),bags(includingsupermarket),bag (grocery),
bag(grocery),bags(e.g.shopping),bag (grocery),
bag(grocery),bags:grocery/retail(plastic),bag (grocery),
bag(grocery),plasticgrocerybags,bag (grocery),
bag(grocery),retailbag,bag (grocery),
bag(trash),bags:trash(plastic),bag (trash),
bag(trash),bag(trash),bag (trash),
"bag(zip-lock,produce,other)","bag(zip-lock,produce,other)","bag (zip-lock, produce, other)",
bagends,plasticbagends,bag ends,
bagends,plasticbagcollectiverole;whatremainsfromrip-offplasticbags,bag ends,
baggeddogfaeces,inbags,bagged dog faeces,
baggeddogfaeces,baggeddogfaeces,bagged dog faeces,
baggeddogfaeces,dogfaecesbag,bagged dog faeces,
baggeddogfaeces,dogpoop(bagged),bagged dog faeces,
bags,bags(cloth),bags,
bags,bags(burlap/hessian),bags,
bags,bag,bags,
bags,bags,bags,
bags,paperbags,bags,
bags,paperbag,bags,
bags,bags(paper),bags,
bags,plasticbags,bags,
bags,plasricbags,bags,
bags,otherplasticbags,bags,
bags,bags(plastic),bags,
bags,plasticbag,bags,
baitcontainers,baitcontainers,bait containers,
baitcontainersorcrates,baitcontainers/crates,bait containers OR crates,
baitcontainersorcratesorlures,baitcontainers/crates/lures,bait containers OR crates OR lures,
baitcontainersorpackaging,baitcontainerspackaging(plastic),bait containers OR packaging,
baitcontainersorpackaging,baitcontainerspackaging(styrofoam),bait containers OR packaging,
baitcontainersorpackaging,baitcontainersorpackaging,bait containers OR packaging,
baitcontainersorpackaging,baitcontainers/packaging,bait containers OR packaging,
baitcontainersorpackaging,baircontainersorpackaging,bait containers OR packaging,
"balloon,tennisball,football,dogtoy","balloon,tennisball,football,dogtoy","balloon, tennis ball, football, dog toy",
balloons,baloons,balloons,
balloons,balloons,balloons,
balloons,latexballoons,balloons,
balloons,baloon(mylar/latex)/ribbon,balloons,
balloons,balloons/balloonstring,balloons,
balloons,"balloons,includingplasticvalves,ribbons,stringsetc.",balloons,
balloons,balloon,balloons,
balloons,balloons-mylar,balloons,
balloons,balloons(latex),balloons,
balloons,balloons-latex,balloons,
balloons,balloons(mylar),balloons,
balloonsandballoonsticks,balloonsand/orstring,balloons and balloon sticks,
balloonsandballoonsticks,balloonand/orstring,balloons and balloon sticks,
balloonsandballoonsticks,balloonsandballoonsticks,balloons and balloon sticks,
balls,balls,balls,
bandages,bandaid,bandages,
bandages,bandages,bandages,
"bar,pipe,orwire","metalbar,pipe,orwire","bar, pipe, or wire",
barrels,barrels,barrels,
"baskets,crates","baskets,crates","baskets, crates",
batteries,"batteries:aa,aaa,etc.",batteries,
batteries,householdbatteries,batteries,
batteries,batteries,batteries,
batteries,"batteries:aa,aaa,c&d,6v,9v,etc",batteries,
batteries,battery,batteries,
batteries(acidicandalkaline),batteries(acidicandalkaline),batteries (acidic and alkaline),
batteries:carorboat,batteries:carorboat,batteries: car or boat,
"beachuserelatedcosmeticbottlesandcontainers,e.g.sunblock","beachuserelatedcosmeticbottlesand.containers,e.g.sunblock","beachuserelatedcosmeticbottlesandcontainers,e.g.sunblock",
bead,bead,Bead,
bead,beads,Bead,
beamsordunnage,beams/dunnage,beams OR dunnage,
beerbottle,beerbottle,beer bottle,
beercans,beercan,beer cans,
beercans,beercans,beer cans,
beveragebottles,bottle,beverage bottles,
beveragebottles,glassbeveragebottle,beverage bottles,
beveragebottles,beveragebottles,beverage bottles,
beveragebottles,otherplasticbottles,beverage bottles,
beveragebottles,beveragebottles(glass),beverage bottles,
beveragebottles,glassbottle,beverage bottles,
beveragebottles,glassbottles,beverage bottles,
beveragebottles,bev.bottles(glass),beverage bottles,
beveragebottles,beveragebottles(plastic),beverage bottles,
beveragebottles,plasticdrinkbottles,beverage bottles,
beveragebottles,plasticbottle,beverage bottles,
beveragebottles,bottles(plastic),beverage bottles,
beveragebottles,bev.bottles(plastic),beverage bottles,
beveragecans,beveragecan,beverage cans,
beveragecans,aluminum/tindrinkcans,beverage cans,
beveragecans,beveragecans(aluminum),beverage cans,
beveragecans,beveragecans,beverage cans,
beveragecans,beveragecans(aluminium),beverage cans,
beveragecans,cans(beverage),beverage cans,
beveragecans,bev.cans,beverage cans,
beveragecans,beveragecan,beverage cans,
beveragecans,drinkcans,beverage cans,
beveragecans,metaldrinkscan,beverage cans,
beveragecans,drinkcan,beverage cans,
beveragecans,softdrinkcans,beverage cans,
beveragecontainers,glass-recyclablebeveragecontainers(crvlabeled),beverage conatiners,
beveragecontainers,beveragecontainers,beverage conatiners,
beveragecontainers,plastic-recyclablebeveragecontainers(crv-labeled),beverage conatiners,
blisterpack,blisterpack,blister pack,
boatparts,boatparts,boat parts,
bobbins(fishing),bobbins(fishing),bobbins (fishing),
"bolts,nails,andscrews","bolts,nails,andscrews","bolts, nails, and screws",
books,books,books,
boots,rubberboots,boots,
boots,boots,boots,
bottlecaps,bottlecaps(metal),bottle caps,
bottlecaps,metalbottlecaps,bottle caps,
bottlecaps,metalbottlecap,bottle caps,
bottlecaps,bottlecaps,bottle caps,
bottlecaps,bottleorcontainercaps,bottle caps,
bottlecaps,bottlecaps(plastic),bottle caps,
bottlecaps,plasticcaps,bottle caps,
bottlecaps,plasticbottleorcontainercaps,bottle caps,
bottlecaps,plasticbottlecaps,bottle caps,
bottlecaps,plasticbottlecap,bottle caps,
"bottlecaps,lids&pulltabs",bottlecaps&lids,"bottle caps, lids & pull tabs",
"bottlecaps,lids&pulltabs",bottletops,"bottle caps, lids & pull tabs",
"bottlecaps,lids&pulltabs",plasticcaps/lidsdrinks,"bottle caps, lids & pull tabs",
"bottlecaps,lids&pulltabs",plasticcapsandlids,"bottle caps, lids & pull tabs",
"bottlecaps,lids&pulltabs",cap/lid,"bottle caps, lids & pull tabs",
"bottlecaps,lids&pulltabs",plasticcaporcontainerlid,"bottle caps, lids & pull tabs",
"bottlecaps,lids&pulltabs",foambottleseals&tabs,"bottle caps, lids & pull tabs",
"bottlecaps,lids&pulltabs","bottlecaps,lids&pulltabs","bottle caps, lids & pull tabs",
bottlelabel,bottlelabel,bottle label,
bottleneckrings,plasticringsfrombottlecaps/lids,bottle neck rings,
bottleneckrings,bottleneckrings,bottle neck rings,
bottles&jars,bottles,bottles & jars,
bottles&jars,bottlesincl.pieces,bottles & jars,
bottles&jars,bottle/jars(glass),bottles & jars,
bottles&jars,bottles&jars,bottles & jars,
bottles&jars,glassbottle/jar-other,bottles & jars,
bottles&jars,"glass(bottle,jar)",bottles & jars,
bottles<2l,beveragebottles(plastic)2litersorless,bottles <2L,
bottles<2l,bottles<2l,bottles <2L,
bottles<2l,beveragebottles:lessthan2litres(plastic),bottles <2L,
bottles<2l,beveragebottles:lessthan2litres,bottles <2L,
"bottles,etc.>2l",beveragebottles:2litresormore(plastic),"bottles, etc. >2L",
"bottles,etc.>2l","bottles,etc.>2l","bottles, etc. >2L",
"bottles,etc.>2l",beveragebottles:2litresormore,"bottles, etc. >2L",
"bottles:bleach,cleaner",bleach/cleaner/oilbottles,"bottles: bleach, cleaner",
"bottles:bleach,cleaner","bottles:bleach,cleaner","bottles: bleach, cleaner",
"bottles:bleach,cleaner",bleachorcleanerbottles,"bottles: bleach, cleaner",
"bottles:bleach,cleaner",bleach/cleanerbottles,"bottles: bleach, cleaner",
"bottles:bleach,cleaner",beach&cleanbottles,"bottles: bleach, cleaner",
bottles:oilorlube,oilorlubebottles,bottles: oil OR lube,
bottles:oilorlube,bottles:oil/lube,bottles: oil OR lube,
bottles:oilorlube,oil/lubebottles,bottles: oil OR lube,
"bricks,cinderblocks,chunksofcement",brick/rubble,"bricks, cinderblocks, chunks of cement",
"bricks,cinderblocks,chunksofcement","bricks,cinderblocks,chunksofcement","bricks, cinderblocks, chunks of cement",
"bricks,cinderblocks,chunksofcement",aggregate&brick,"bricks, cinderblocks, chunks of cement",
brokenglass,glassfragments,broken glass,
brokenglass,glasspieces,broken glass,
brokenglass,glass,broken glass,
brokenglass,piecesofglass,broken glass,
brokenglass,glasspieces(5mmorless),broken glass,
brokenglass,brokenglass,broken glass,
buckets,buckets,buckets,
"buckets,drums&jerrycans:2litresormore","buckets,drums,&jerrycans","buckets, drums & jerry cans: 2 litres or more",
"buckets,drums&jerrycans:2litresormore","buckets,drums&jerrycans:2litresormore","buckets, drums & jerry cans: 2 litres or more",
bulkbags,bulkbags,bulk bags,
buoys,foambuoys,buoys,
buoys,buoy,buoys,
buoys,buoys,buoys,
buoys,buoys(glass),buoys,
buoys,glassbuoys,buoys,
buoys&floats,plasticbuoys&floats,buoys & floats,
buoys&floats,floatsbuoys(styrofoam),buoys & floats,
buoys&floats,floatsbuoys(metal),buoys & floats,
buoys&floats,floatsbuoys(plastic),buoys & floats,
buoys&floats,buoys&floats,buoys & floats,
buoys&floats,buoys&floats(plastic&foamed),buoys & floats,
buoys&floats,floats/buoys,buoys & floats,
buoys&floats,buoysorfloats,buoys & floats,
buoys&floats,buoysandfloats,buoys & floats,
buoys&floats,buoys/floats,buoys & floats,
buoys&floats,buoyorfloat,buoys & floats,
cableties,zipties(cableties),cable ties,
cableties,cableties,cable ties,
cables,cables,cables,
cans,"cans:food,juice,other(tin)",cans,
cans,can-other,cans,
cans,cans,cans,
cans,tincan,cans,
cans,aluminumortincans,cans,
cans,aluminumcans,cans,
cans,aluminumcan,cans,
cans,aluminum/tincans,cans,
cansortins,otheraluminumortincan,cans OR tins,
cansortins,alumniumortincans,cans OR tins,
cansortins,cans/tins,cans OR tins,
capsorlids,capslids,caps OR lids,
capsorlids,caps/lids,caps OR lids,
capsorlids,caps&lids,caps OR lids,
capsorlids,bottlelid,caps OR lids,
capsorlids,caps&lids(metal),caps OR lids,
capsorlids,metalcaps/lids,caps OR lids,
capsorlids,caps&lids(plastic),caps OR lids,
capsorlids,plasticcaps/lidsunidentified,caps OR lids,
capsorlids,"plasticcaps/lidschemicals,detergents",caps OR lids,
carorboatparts,car/boatparts,car OR boat parts,
carparts,plasticvehicleparts,car parts,
carparts,metalvehicleparts,car parts,
carparts,carparts/carbatteries,car parts,
carparts,carparts,car parts,
carparts,cars&carparts,car parts,
carparts,carparts/batteries,car parts,
carparts,carscarparts,car parts,
carparts,carsorcarparts,car parts,
carparts,endoflifevehicles,car parts,
cardboard,cardboard(boxes&fragments),cardboard,
cardboard,cardboard,cardboard,
cardboard,cardboardboxes&fragments,cardboard,
cardboard,corregatedcardboard,cardboard,
cardboardandpaper,paper/cardboard,cardboard and paper,
cardboardandpaper,paperandcardboard,cardboard and paper,
cardboardandpaper,bulkpaperandcardboard,cardboard and paper,
cardboardandpaper,paper/cardboardfragments,cardboard and paper,
cardboardandpaper,cardboardandpaper,cardboard and paper,
cardboardcartons,cardboard:packaging&cartons,cardboard cartons,
cardboardcartons,cardboardfoodpackaging,cardboard cartons,
cardboardcartons,cartonse.g.tetrapak(other),cardboard cartons,
cardboardcartons,cardboardcartons,cardboard cartons,
cardboardcartons,cartons/tetrapack(others),cardboard cartons,
carpet(synthetic),carpet,carpet (synthetic),
carpet(synthetic),carpet(synthetic),carpet (synthetic),
carpet&furnishing,furnishings,carpet & furnishing,
carpet&furnishing,furnishing,carpet & furnishing,
carpet&furnishing,furnishings(wood),carpet & furnishing,
carpet&furnishing,furnishings(plastic),carpet & furnishing,
carpet&furnishing,carpet&furnishing,carpet & furnishing,
cartsorparts,carts/parts,carts OR parts,
"cd,cd-box",cds,"cd, cd-box",
"cd,cd-box","cd,cd-box","cd, cd-box",
chemicalsandchemicalcontainers,chemicalsandchemicalcontainers,chemicals and chemical containers,
cigartips,cigartips,cigar tips,
cigarettebutts,cigarettestubs,cigarette butts,
cigarettebutts,cigarrettebutts,cigarette butts,
cigarettebutts,cigarettebutts,cigarette butts,
cigarettebutts,cigarettes,cigarette butts,
cigarettebutts,cigaerettes,cigarette butts,
cigarettebutts,cigarrettes,cigarette butts,
cigarettebutts,cigarettebutt,cigarette butts,
cigarettebuttsandfilters,cigarettesorcigarettefilters,cigarette butts and filters,
cigarettebuttsandfilters,cigarettebuttsandfilters,cigarette butts and filters,
cigarettebuttsandfilters,cigarettebutts/filters,cigarette butts and filters,
cigarettebuttsandfilters,cigs&cigfilters,cigarette butts and filters,
cigarettefilters,papersfilters,cigarette filters,
cigarettefilters,cigarettefilters,cigarette filters,
cigarettefilters,filters,cigarette filters,
cigarettelighters,disposablecigarettelighters,cigarette lighters,
cigarettelighters,cigarettelighters,cigarette lighters,
cigarettelighters,lighters,cigarette lighters,
cigarettelighters,ciglghtrs,cigarette lighters,
cigarettelighters,cigarettelighter,cigarette lighters,
cigarettelightersortobaccopouches,cigarettelighters/tobaccopackaging,cigarette lighters OR tobacco pouches,
cigarettelightersortobaccopouches,cigarettelighters/tobaccopouches,cigarette lighters OR tobacco pouches,
cigarettelightersortobaccopouches,cigarettelighters&packaging,cigarette lighters OR tobacco pouches,
cigarettematerials,cigarettematerials,cigarette materials,
cigarettematerials,"cigaretts,butts,lighters,packaging",cigarette materials,
cigarettepackets,plasticsmokingpk,cigarette packets,
cigarettepackets,cigarettebox,cigarette packets,
cigarettepackets,cigarettepackets,cigarette packets,
cigarettesorcigartips,cigarettes/cigartips,cigarettes OR cigar tips,
"cleaner(bottles,containersanddrums)",cleanerbottles&containers,"cleaner(bottles,containersanddrums)",
"cleaner(bottles,containersanddrums)","cleaner(bottles,containersanddrums)","cleaner(bottles,containersanddrums)",
clothfragments,clothpieces,cloth fragments,
clothfragments,clothfragments,cloth fragments,
clothfragments,otherfabric,cloth fragments,
clothfragments,fabricpieces,cloth fragments,
clothfragments,othetextiles(incl.rags),cloth fragments,
clothing,articlesofclothing,clothing,
clothing,clothing,clothing,
clothing,thongs,clothing,
clothing&shoes,"clothing(clothes,shoes)",clothing & shoes,
clothing&shoes,clothing&shoes,clothing & shoes,
clothing&shoes,cloth/shoes,clothing & shoes,
clothing&shoes,clothingshoes,clothing & shoes,
clothing&shoes,clothingandshoes,clothing & shoes,
clothing&shoes,clothes/shoes,clothing & shoes,
clothing&shoes,clothes&shoes,clothing & shoes,
clothingorrags,clothing/rags,clothing OR rags,
clothingorshoesorbeachtowels,clothing/shoes/beachtowels,clothing OR shoes OR beach towels,
clothingortowelorgloves,clothing/towel/gloves,clothing OR towel OR gloves,
clothingortowelsorglovesorshoes,clothing/towels/gloves/shoes,clothing OR towels OR gloves OR shoes,
"clothing,hats,gloves&towels","clothing/rags(clothing,hats,towels)","clothing, hats, gloves & towels",
"clothing,hats,gloves&towels","clothing,hats,gloves&towels","clothing, hats, gloves & towels",
coffeecup,coffeecups,coffee cup,
coffeecup,coffeecup,coffee cup,
coffeecuplid,coffeelids,coffee cup lid,
coffeecuplid,coffeecuplid,coffee cup lid,
coffeeother,coffeeother,coffee other,
combsorhairbrushes,combs/hairbrushes,combs OR hairbrushes,
combsorhairbrushesorsunglasses,combs/hairbrushes/sunglasses,combs OR hairbrushes OR sunglasses,
computerequiptment&otherelectronicdevices,computerequipment&otherelectronicdevices,computer equiptment & other electronic devices,
condoms,condoms(incl.packaging),condoms,
condoms,condoms,condoms,
condoms,condoms(cautionifpickingup!),condoms,
"constructionmaterial(brick,cement,pipes)","constructionmaterial(brick,cement,pipes)","constructionmaterial(brick,cement,pipes)",
containersortubes,containers/tubes,containers OR tubes,
contraceptives,contraceptives,contraceptives,
corks,corks,corks,
"cosmetics(bottles&containerse.g.sunlotion,shampoo,showergel,deodorant)",othercosmeticbottles&containers,"cosmetics(bottles&containerse.g.sunlotion,shampoo,showergel,deodorant)",
"cosmetics(bottles&containerse.g.sunlotion,shampoo,showergel,deodorant)","cosmetics(bottles&containerse.g.sunlotion,shampoo,showergel,deodorant)","cosmetics(bottles&containerse.g.sunlotion,shampoo,showergel,deodorant)",
cottonbudsticks,cottonbuds,cotton bud sticks,
cottonbudsticks,cottonbudsticks,cotton bud sticks,
cottonbudsticks,cottonbud,cotton bud sticks,
coverorpackaging,cover/packaging,cover OR packaging,
craborlobsterorfishtraps,crab/lobster/fishtrapparts,crab or lobster or fish traps,
craborlobsterorfishtraps,craborlobsterorfishtraps,crab or lobster or fish traps,
craborlobsterorfishtraps,crab/lobster/fishtraps,crab or lobster or fish traps,
craborlobsterorfishtraps,crablobsterfishtraps(metal),crab or lobster or fish traps,
craborlobsterorfishtraps,crablobsterfishtraps(plastic),crab or lobster or fish traps,
crabtrapinneedofremoval,crabtrapinneedofremoval,crab trap in need of removal,
crabtrapthathasbeenremoved,crabtrapthathasbeenremoved,crab trap that has been removed,
crates,crates,crates,
cratesandcontainers,cratesandcontainers,crates and containers,
cratesandcontainersorbaskets,"baskets,crates&trays",crates and containers OR baskets,
cratesandcontainersorbaskets,cratesandcontainers/baskets,crates and containers OR baskets,
crisplarge,crisplarge,crisp large,
crisporsweetorlollyorsandwichwrappers,crisp/sweetpacketsandlollysticks,crisp OR sweet OR lolly OR sandwich wrappers,
crisporsweetorlollyorsandwichwrappers,crisp/sweet/lolly/sandwichwrappers,crisp OR sweet OR lolly OR sandwich wrappers,
crisppackets,crisppackets,crisp packets,
crisppacketsorsweetswrappers,crisppackets/sweetswrappers,crisp packets OR sweets wrappers,
crispsmall,crispsmall,crisp small,
cups,cup,cups,
cups,cups,cups,
cups,cups(includingpolystyrene/foamedplastic),cups,
cups,styrofoamcups,cups,
cups,cups&plates(plastic),cups,
cups,foamorplasticcups,cups,
cups,papercups,cups,
cups,plasticcups,cups,
cups,plasticcup,cups,
cups&plates,cups&plates,cups & plates,
cups&plates,cups&plates(paper),cups & plates,
cups&plates,cups/plates(paper),cups & plates,
cups&plates,papercups/plates,cups & plates,
cups&plates,cups/plates(plastic),cups & plates,
cups&plates,plasticcups/plates,cups & plates,
cups&plates,cups&plates(foam),cups & plates,
cups&plates,foamcups/plates,cups & plates,
cups&plates,foamorplasticcupsandplates,cups & plates,
cups&plates,styrofoamcups/plates/packaging,cups & plates,
cupsandcuplids,plasticcuptops,cups and cup lids,
cupsandcuplids,foamorplasticcups/lids,cups and cup lids,
cupsandcuplids,cupsandcuplids,cups and cup lids,
"cups,foodtrays,foodwrappers,drinkcontainers",foamcups/plates/containers,"cups, food trays, food wrappers, drink containers",
"cups,foodtrays,foodwrappers,drinkcontainers",plasticcups/plates/containers,"cups, food trays, food wrappers, drink containers",
"cups,foodtrays,foodwrappers,drinkcontainers",polystyrenecupsorfoodpacks,"cups, food trays, food wrappers, drink containers",
"cups,foodtrays,foodwrappers,drinkcontainers","cups,foodtrays&wrappers","cups, food trays, food wrappers, drink containers",
"cups,foodtrays,foodwrappers,drinkcontainers","cups,foodtrays,wrappers,drinkcontainers","cups, food trays, food wrappers, drink containers",
"cups,lids,straws","cups,lids,straws","cups, lids, straws",
"cups,plates,forks,knives,spoons",cupsorplatesorforksorknivesorspoons,"cups, plates, forks, knives, spoons",
"cups,plates,forks,knives,spoons","cups,plates,forks,knives,spoons","cups, plates, forks, knives, spoons",
"cups,plates,forks,knives,spoons","cups,plates,forks,knives,spoons(plastic)","cups, plates, forks, knives, spoons",
"cups,plates,tableware,dishes",papercups/plates/containers,"cups, plates, tableware, dishes",
"cups,plates,tableware,dishes","cups,plates,tableware,dishes(metal)","cups, plates, tableware, dishes",
"cups,plates,tableware,dishes","cups,plates,tableware,dishes","cups, plates, tableware, dishes",
"cups,plates,tableware,dishes","cups,plates,tableware,dishes(glass&ceramic)","cups, plates, tableware, dishes",
"cups,plates,utensils","cups,plates,utensils","cups, plates, utensils",
cutleryortrays,cutleryandtrays,cutlery OR trays,
cutleryortraysorstraws,plastictakeawaycutleryorstirrer,cutlery OR trays OR straws,
cutleryortraysorstraws,cutlery/trays/straws,cutlery OR trays OR straws,
cutleryortraysorstrawsorcups,cutlery/trays/straws/cups,cutlery OR trays OR straws OR cups,
degradedbag,degradedplasticbag,degraded bag,
degradedbottle,degradedplasticbottle,degraded bottle,
degradedlighters,degradedlighters,degraded lighters,
degradedstraws,degradedstraws,degraded straws,
dentalflossers,dentalflossers,dental flossers,
deoderant,deoderant,deoderant,
derelicttrapsortrappieces,derelicttraps/trappieces,derelicttraps OR trappieces,
diapers,plasticdiapers,diapers,
diapers,diapers,diapers,
diapersornappies,nappies,diapers OR nappies,
diapersornappies,diaper/nappy,diapers OR nappies,
diapersornappies,diapers/nappies,diapers OR nappies,
disposablefood&beverageware,expandedpolystyrene(eps)disposablefood&beverageware,disposable food & beverage ware,
disposablebbq's,disposablebbq's,disposablebbq's,
disposablebbq's,bbq's(disposable),disposablebbq's,
dogwastebags,dogwastebags,dog waste bags,
drinkbottles<=0.5l,drinkbottles<=0.5l,drink bottles<=0.5l,
drinkbottles>0.5l,drinkbottles>0.5l,drink bottles>0.5l,
drinks,drinks,drinks,
drinks,"drinks(bottles,containersanddrums)",drinks,
drugparaphanaliaorsyringes,drugparaphanalia/syringes,drug paraphanalia OR syringes,
drugs,drugs,drugs,
drums,drums,drums,
drums,conatinerdrums,drums,
drums,drum,drums,
drums,otherbottles&containers(drums),drums,
drums:55gallon,55-galdrums,drums: 55 gallon,
drums:55gallon,drums:55gallon,drums: 55 gallon,
drums:55gallon,55-gallondrums,drums: 55 gallon,
e-wastefragments,othere-waste,e-waste fragments,
e-wastefragments,e-wastefragments,e-waste fragments,
earplugs,earplugs,ear plugs,
electionposters,eleclarge,election posters,
electionposters,electionposters,election posters,
energydrinkcan,energycan,energy drink can,
energydrinkcan,energydrinkcan,energy drink can,
engineoilbottles&containers<50cm,engineoilcontainersanddrums<50cm,engine oil bottles & containers <50 cm,
engineoilbottles&containers<50cm,engineoilbottles&containers<50cm,engine oil bottles & containers <50 cm,
engineoilbottles&containers>50cm,engineoilcontainersanddrums>50cm,engine oil bottles & containers >50 cm,
engineoilbottles&containers>50cm,engineoilbottles&containers>50cm,engine oil bottles & containers >50 cm,
facemask,facemask,face mask,
fastfoodcontainersorcups,foamcuporcontainer,fastfoodcontainers OR cups,
fastfoodcontainersorcups,fastfoodcontainers/cups,fastfoodcontainers OR cups,
fastfoodcontainersorcups,"containers:fastfood,lunchboxes",fastfoodcontainers OR cups,
fastfoodcontainersorcups,takeout/awaycontainers(foam),fastfoodcontainers OR cups,
fastfoodcontainersorcups,containers:fastfood,fastfoodcontainers OR cups,
fastfoodcontainersorcups,take-outpackaging,fastfoodcontainers OR cups,
femininehygeneitems,femininehygeneitems,femininehygeneitems,
fencing,fencing,fencing,
fenders,fenders,fenders,
fertilizeroranimalfeedbags,fertiliser/animalfeedbags,fertilizer OR animal feed bags,
fertilizeroranimalfeedbags,fertiliser/anima;deefbags,fertilizer OR animal feed bags,
fiber,fiber,Fiber,
fiber,fibres,Fiber,
fiber,fibers,Fiber,
fiberbundle,fiberbundle,Fiber bundle,
fibreglassorfragments,fibreglassfragments,fibre glass OR fragments,
fibreglassorfragments,fibreglass/fragments,fibre glass OR fragments,
fibreglassorfragments,fibreglass,fibre glass OR fragments,
filament<5mm,filament<5mm,filament <5mm,
film,film,Film,
film,films,Film,
film(thinkorflexiblee.g.strawwrapper),plasticfilm,film (think OR flexible e.g. straw wrapper),
film(thinkorflexiblee.g.strawwrapper),film(thin/flexiblee.g.strawwrapper),film (think OR flexible e.g. straw wrapper),
film(thinkorflexiblee.g.strawwrapper),film-likeplastics(gladwrapandchipbags),film (think OR flexible e.g. straw wrapper),
film(thinkorflexiblee.g.strawwrapper),"plasticfilm,wrapperortape",film (think OR flexible e.g. straw wrapper),
filmfragments,filmfragments,film fragments,
film;fragment,film;fragment,Film;Fragment,
film;fragment,films/fragments,Film;Fragment,
film;fragment,films;fragments,Film;Fragment,
filmstrip,filmstrip(movie),filmstrip,
filterbox,filterbox,filter box,
fintrees(fromfinsforscubadiving),fintrees(fromfinsforscubadiving),fin trees (from fins for scuba diving),
fireworks,fireworkds,fireworks,
fireworks,fireworks,fireworks,
fishaggregatingdevices,fishaggregatingdevices,fish aggregating devices,
fishboxes,fishboxes-plastic,fish boxes,
fishboxes,fishboxes,fish boxes,
fishboxes,fishboxes-expandedpolystyrene,fish boxes,
fishhook,fishhookremains,fish hook,
fishhook,fishhook,fish hook,
fishhook,fishinghooks,fish hook,
fishhook,fishinghook,fish hook,
fishpot,fishpot,fish pot,
"fishingbouys,pots&traps","buoys,crabpots&traps","fishing bouys, pots & traps",
"fishingbouys,pots&traps","fishingbuoys,pots&traps","fishing bouys, pots & traps",
fishingline,monofilament/fishingline,fishing line,
fishingline,fishingline,fishing line,
fishingline,fishing:line,fishing line,
fishingline,fishingline(monofilament),fishing line,
fishingline,fishinglines,fishing line,
fishingline(anglers),fishingline(angling),fishing line (anglers),
fishingline(anglers),fishingline(anglers),fishing line (anglers),
fishingline(anglers),fishingline/monofilament(angling),fishing line (anglers),
fishingline(entangled),fishingline(entangled),fishing line (entangled),
fishinglineornet,fishinglineornet,fishing line OR net,
fishinglures,fishinglure,fishing lures,
fishinglures,fishinglures,fishing lures,
fishinglures&line,fishingluresandlines,fishing lures & line,
fishinglures&line,fishinglures&line,fishing lures & line,
fishingluresorlightsticks,fishinglures/lightsticks,fishing lures or light sticks,
fishingluresorlightsticks,fishingluresorlightsticks,fishing lures or light sticks,
fishingnets,nets(incl.baitbags),fishing nets,
fishingnets,net,fishing nets,
fishingnets,plasticnet,fishing nets,
fishingnets,non-nylonnet,fishing nets,
fishingnets,fishingnet&pieces,fishing nets,
fishingnets,fishingnets,fishing nets,
fishingnets,net(estimatesize),fishing nets,
fishingnets,fishingnet,fishing nets,
fishingnets,fishing:nets&piecesofnets,fishing nets,
fishingnets,fishinggearnets,fishing nets,
fishingnets,fishpot(net),fishing nets,
fishingrelated,otherfishingrelated,fishing related,
fishingrelated,fishingrelated,fishing related,
fishingrelated,otherfishinggear,fishing related,
fishingrubbertailbaits&weights,fishingrubbertailbaits&weights,fishing rubbertail baits & weights,
fishingtrapsandpots,fising:traps&pots,fishing traps and pots,
fishingtrapsandpots,fishingtrapsandpots,fishing traps and pots,
fishingtrapsandpots,fishing:traps&pots,fishing traps and pots,
fishingweights,fishingweights,fishing weights,
"fishing:lures,rodsorpoles","fishing:lures,rods/poles","fishing: lures, rods OR poles",
"fishing:sinkers,lures,hooks","fishingrelated(weights,sinkers,lures,hooks)","fishing: sinkers, lures, hooks",
"fishing:sinkers,lures,hooks","fishing:sinkers,lures,hooks","fishing: sinkers, lures, hooks",
fishingnetandnetpieces>50cm,fishingnet(large;>50cm),fishingnetandnetpieces>50cm,
fishingnetandnetpieces>50cm,fishingnetandnetpieces>50cm,fishingnetandnetpieces>50cm,
fishingweightsorhooksorlures,fishingweights/hooks/lures,fishingweights OR hooks OR lures,
fishpot(eel),fishpot(eel),fishpot(eel),
fizzydrinkbottle,fizzydrinkbottle,fizzy drink bottle,
flip-flops,flipflop,flip-flops,
flip-flops,flip-flops,flip-flops,
floats(fishingbuoys)orreels,floats(fishingbuoys)/reels,floats (fishing buoys) OR reels,
floatsforfishingnets,floatsforfishingnets,floats for fishing nets,
floorcover,floorcover,floor cover,
flowerpots,plasticflowerpots,flower pots,
foam,foameduserplastic(>1mm),Foam,
foam,foamfragments,Foam,
foam,misc.foam,Foam,
foam,otherfoam,Foam,
foam,foamedplasticfragments,Foam,
foam,foamedplastic<5mm,Foam,
foam,foameduserplastics,Foam,
foam,"polystyrene(foam,fromesky's.buoysetc.)",Foam,
foam,styrofoam<5mm,Foam,
foam,plasticorfoampieces,Foam,
foam,foampieces(5mmorless),Foam,
foam,"styrofoamchunks,small",Foam,
foam,foampieces(5mm-2.5cm),Foam,
foam,foampieces,Foam,
foam,"styrofoamchunks,large",Foam,
foam,foam,Foam,
foam,foams,Foam,
foam,styrofoam,Foam,
foam,polystyrene,Foam,
foam,extrudedpolystyrene,Foam,
foil,"foilwrapper,aluminiumfoil",foil,
foil,alumninumfoil,foil,
foil,"metal(soft,tinfoil)",foil,
foil,"othermetal,foil",foil,
food,foodwaste,food,
food,foodother,food,
foodcans,foodcans,food cans,
foodcans,cans(food),food cans,
foodorbeverageware,paperfoodbox,food OR beverage ware,
foodorbeverageware,paperfood/beverageware,food OR beverage ware,
foodwrappers,mylar(non-recyclable)filmfoodwrappers,food wrappers,
foodwrappers,foodwrappers,food wrappers,
foodwrappers,"foodwrappers(candy,chips,etc.)",food wrappers,
foodwrappers,foodwrappers/packaging,food wrappers,
foodwrappers,foodwrappers(paper),food wrappers,
foodwrappers,foodwrappers(plastic),food wrappers,
foodwrappers,plasticfoodwrappers,food wrappers,
foodwrappers,plasticfoodwrapper,food wrappers,
foodwrappers,otherfoodplastic,food wrappers,
foodwrappers,plasticfoodpackaging,food wrappers,
foodwrappersorcontainers,paperfoodpackaging,food wrappers or containers,
foodwrappersorcontainers,takeout/awaycontainers(plastic),food wrappers or containers,
foodwrappersorcontainers,plastic/styrofoamtakeawaycontainer,food wrappers or containers,
foodwrappersorcontainers,foodbag/wrapper,food wrappers or containers,
foodwrappersorcontainers,foodwrappersorcontainers,food wrappers or containers,
foodwrappersorcontainers,foodandbeveragepackaging,food wrappers or containers,
foodwrappersorcontainers,foodcontainers,food wrappers or containers,
foodwrappersorcontainers,foodwrappers/containers,food wrappers or containers,
foodwrappersorcontainers,foodcontainersincl.fastfoodcontainers,food wrappers or containers,
foodjars,jars:food(glass),foodjars,
football,football,football,
fork,fork,fork,
forsaleposters,forsaleposters,forsale posters,
fragment,fragment,Fragment,
fragment,fragments,Fragment,
fragment,granules<5mm,Fragment,
fragments(trash),otherfragments,fragments(trash),
fragments(trash),foampieces(2.5cm-10cm),fragments(trash),
fragments(trash),fragmentsofsoftplastic,fragments(trash),
fragments(trash),glassorceramicfragments>2.5cm,fragments(trash),
fragments(trash),glasspieces(2.5cm-10cm),fragments(trash),
fragments(trash),glasspieces(5mm-2.5cm),fragments(trash),
fragments(trash),glass&ceramicfragments,fragments(trash),
fragments(trash),glassorceramicfragments,fragments(trash),
fragments(trash),glasspiece(unid.),fragments(trash),
fragments(trash),otherglass(commentreq.),fragments(trash),
fragments(trash),hardplasticfragments,fragments(trash),
fragments(trash),fragmentsofhardplastic,fragments(trash),
fragments(trash),metalfragments,fragments(trash),
fragments(trash),metalpiece(unid.),fragments(trash),
fragments(trash),metalfragments(unidentified),fragments(trash),
fragments(trash),mental,fragments(trash),
fragments(trash),metalobject,fragments(trash),
fragments(trash),othermetalpieces>50cm,fragments(trash),
fragments(trash),piece,fragments(trash),
fragments(trash),plastic/polystyrenepieces>50cm,fragments(trash),
fragments(trash),plastic/polystyrenepieces2.5cm><50cm,fragments(trash),
fragments(trash),"plastic/polystyrenepieces2,5cm><50cm",fragments(trash),
fragments(trash),polystyrene(small;<50cm),fragments(trash),
fragments(trash),plasticpieces>50cm,fragments(trash),
fragments(trash),plasticpieces2.5cm><50cm,fragments(trash),
fragments(trash),plasticfragments,fragments(trash),
fragments(trash),plasticfragments(>1mm),fragments(trash),
fragments(trash),plasticfragments(large;>2.5cm),fragments(trash),
fragments(trash),plasticfragments(small;<2.5cm),fragments(trash),
fragments(trash),plasticpieces<2.5cm,fragments(trash),
fragments(trash),plasticorfoamfragments,fragments(trash),
fragments(trash),rubberpieces,fragments(trash),
fragments(trash),rubberdebris,fragments(trash),
fragments(trash),rubberpieces<50cm,fragments(trash),
fragments(trash),woodfragments,fragments(trash),
fragments(trash),woodpieces,fragments(trash),
"gasbottles,drums&buckets(>4l)","gasbottles/cylinder,drums:morethan4litres","gas bottles, drums & buckets (>4L)",
"gasbottles,drums&buckets(>4l)","gasbottles,drums&buckets(>4l)","gas bottles, drums & buckets (>4L)",
"gasbottles,drums&buckets(>4l)","gasbottles/cylinder,drums","gas bottles, drums & buckets (>4L)",
"gasbottles,drums&buckets(>4l)","gasbottles,drums&buckets","gas bottles, drums & buckets (>4L)",
gloves,gloves(heavyduty),gloves,
gloves,gloves,gloves,
gloves,gloves(indutrial/professionalgloves),gloves,
gloves,gloves(latex),gloves,
gloves,gloves(lightweight),gloves,
gloves,gloves(typicalwashingupgloves),gloves,
gloves,gloves(washingup),gloves,
gloves,gloves(non-rubber),gloves,
gloves,gloves(cloth),gloves,
gloves,gloves(textile),gloves,
gloves,gloves(non-rubber/cloth),gloves,
gloves,gloves(rubber),gloves,
gloves,gloves(plastic),gloves,
gloves,rubbergloves,gloves,
gloves,rubberglove,gloves,
gloves,gloves(industrial/professionalrubbergloves),gloves,
golfball,golfball,golf ball,
hairtie,hairtie,hair tie,
hardhats,hardhats/helmets,hard hats,
hardhats,hardhats,hard hats,
homefoodpackaging,homefoodpackaging,home food packaging,
hooksettdisks,hooksettdisks,hooksett disks,
icelollysticksorchipforks,icelollysticks/chipforks,ice lolly sticks OR chip forks,
iceteabottles,iceteabottles,ice tea bottles,
iceteacan,iceteacan,ice tea can,
"ice-creamsticks,chipforks,chopsticks,toothpicks","ice-creamsticks,chipforks,chopsticks,toothpicks","ice-cream sticks, chip forks, chopsticks, toothpicks",
industrialpellets,industrialplasticpellets,industrial pellets,
industrialpellets,industrialpellets,industrial pellets,
industrialpackagingorcratesorsheeting,"industrialpackaging,plasticsheeting",industrialpackaging OR crates OR sheeting,
industrialpackagingorcratesorsheeting,"sheets,industrialpackaging,plasticsheeting",industrialpackaging OR crates OR sheeting,
industrialpackagingorcratesorsheeting,industrialpackaging/crates/sheeting,industrialpackaging OR crates OR sheeting,
inhaler,inhaler,inhaler,
injectionguncontainers,injectionguncontainers,injection gun containers,
inner-tubes&rubbersheets,inner-tubesandrubbersheet,inner-tubes & rubber sheets,
inner-tubes&rubbersheets,inner-tubes&rubbersheets,inner-tubes & rubber sheets,
insulation&packaging,foaminsulation&packaging,insulation & packaging,
insulation&packaging,foam/sponge/insulation,insulation & packaging,
insulation&packaging,foampackaging/insulation/polyurethane,insulation & packaging,
insulation&packaging,polystyreneinsulationorpackaging,insulation & packaging,
jars,jar,jars,
jars,jarsincl.pieces,jars,
jars,jars,jars,
jars,ceramicjars,jars,
jars,glassjar,jars,
jars,glassjars,jars,
jars,glassjarlid,jars,
jerrycans(squareplasticcontainerswithhandle),jerrycans(squareplasticcontainerswithhandle),jerry cans (square plastic containers with handle),
juicebottles,juicebottles,juice bottles,
juicecarton,carton/tetrapack.(e.g.fruitjuice),juice carton,
juicecarton,juicecartons,juice carton,
juicecarton,juicebox/coatedpaperboard,juice carton,
juicepacket,juicepacket,juice packet,
juicescans,juicescans,juices cans,
knife,knife,knife,
largedebrisitems,misc.largedebris,large debris items,
largedebrisitems,largeobjects(specify),large debris items,
largedebrisitems,"largepieces(carpets,etc)",large debris items,
largedebrisitems,largeglassobjects(specify),large debris items,
largedebrisitems,largemetallicobjects,large debris items,
lids,lids(plastic),lids,
lids,plasticlid,lids,
lids,plasticlids,lids,
lids,"plasticlids(coffee,jars+)",lids,
lids,"plasticlids:coffee,jars,etc.",lids,
lightbulbs,lightglobes/bulbs,light bulbs,
lightbulbs,lightbulbs,light bulbs,
lightbulbs,"lightglobes:bulbs,etc",light bulbs,
lightbulbsortubes,lightbulbs/tubes,light bulbs OR tubes,
lightbulbsortubes,lightbulbsortubes,light bulbs OR tubes,
lightbulbsortubes,fluorescentlighttubes,light bulbs OR tubes,
lightsticks(tubeswithfluid),lightsticks(tubeswithfluid)incl.packaging,light sticks (tubes with fluid),
lightsticks(tubeswithfluid),lightsticks(tubeswithfluid),light sticks (tubes with fluid),
lightsticks(tubeswithfluid),lightsticks/cyalumes,light sticks (tubes with fluid),
line,line,Line,
liquorbottles,spiritbottle,liquor bottles,
liquorbottles,liquorbottles,liquor bottles,
lobsterandfishtags,tags(fishingandindustry),lobster and fish tags,
lobsterandfishtags,lobsterandfishtags,lobster and fish tags,
lobsterclawbands,lobsterbands,lobster claw bands,
lobsterclawbands,lobsterclawbands,lobster claw bands,
lobsterorcrabpots&tops,crab/lobsterpots,lobster OR crab pots & tops,
lobsterorcrabpots&tops,lobster/crabpotsandtops,lobster OR crab pots & tops,
lobsterorcrabpots&tops,lobster/crabpots&tops,lobster OR crab pots & tops,
lobsterorcrabpots&tops,crab/lobsterpotsandtops,lobster OR crab pots & tops,
lobsterorcrabpots&tops,lobster/crabpots,lobster OR crab pots & tops,
lollipopsticks&cottonbuds,lollipopsticks&cottonbuds,lollipop sticks & cotton buds,
lollysticks,lollysticks,lolly sticks,
lumberorbuildingmaterial,otherpaperorlumber,lumber OR building material,
lumberorbuildingmaterial,processedtimber,lumber OR building material,
lumberorbuildingmaterial,otherwood,lumber OR building material,
lumberorbuildingmaterial,lumber,lumber OR building material,
lumberorbuildingmaterial,buildingmaterials,lumber OR building material,
lumberorbuildingmaterial,lumber/buildingmaterial,lumber OR building material,
lumberorbuildingmaterial,lumber(processedorcut/milledwood),lumber OR building material,
macroplastics,plastic,macroplastics,
macroplastics,otherplasticobjects,macroplastics,
macroplastics,hardplastic,macroplastics,
macroplastics,otherplastic(commentreq.),macroplastics,
macroplastics,plasticpiece(unid.),macroplastics,
macroplastics,macroplastics,macroplastics,
magazines,magazines,magazines,
maskingtape,maskingtape,masking tape,
matches(&fireworks),matches&fireworks,matches (& fireworks),
matches(&fireworks),matches(&fireworks),matches (& fireworks),
mattressorfoam,mattressorfoam,mattress OR foam,
medicalorpharmaceuticalscontainersortubes,medical/pharmeciducalcontainers/tubes,medical OR pharmaceuticals containers OR tubes,
mediumplastics,othersoftplastics,medium plastics,
mediumplastics,polystyrenepieces<50cm,medium plastics,
mediumplastics,plasticpieces,medium plastics,
mediumplastics,plasticpieces>2.5cm,medium plastics,
mediumplastics,plastic/polystyrenepieces0-2.5cm,medium plastics,
mediumplastics,plasticpieces(5mm-2.5cm),medium plastics,
mediumplastics,"plastic/polystyrenepieces0-2,5cm",medium plastics,
mediumplastics,plasticpieces(2.5cm-10cm),medium plastics,
mediumplastics,plasticpieces0-2.5cm,medium plastics,
mediumplastics,mediumplastics,medium plastics,
meshvegetablebags,meshvegetablebags,mesh vegetable bags,
meshvegetablebags,meshbags(e.g.vegetable),mesh vegetable bags,
meshvegetablebags,"meshbags:fruit,vegetable,shellfish",mesh vegetable bags,
meshvegetablebags,meshbags,mesh vegetable bags,
microplastic,0microplasticpieces,microplastic,
microplastic,lessthan100microplasticpieces,microplastic,
microplastic,endofmicoplasticsampling,microplastic,
microplastic,polyurethanegranules<5mm,microplastic,
microplastic,plasticpieces(5mmorless),microplastic,
microplastic,plasticfragmentsangular<5mm,microplastic,
microplastic,plasticfragmentsrounded<5mm,microplastic,
microplastic,plasticfragmentssubangular<5mm,microplastic,
microplastic,plasticfragmentssubrounded<5mm,microplastic,
microplastic,microplastic,microplastic,
middlesizecontainers,middlesizecontainers,middle size containers,
milkbottle,milkbottle,milk bottle,
milkcarton,milkcarton,milk carton,
milkcarton,cartonse.g.tetrapak(milk),milk carton,
milkcarton,carton/purepack(e.g.milk),milk carton,
miscellaneousitems,misc.items/pieces,miscellaneous items,
miscellaneousitems,miscellaneousitems,miscellaneous items,
miscellaneousitems,otherpaperitems(pleasespecifyinotheritembox*),miscellaneous items,
miscellaneousitems,othertextiles(pleasespecifyinotheritembox*),miscellaneous items,
miscellaneousitems,otherrubberpieces(pleasespecifyinotheritembox*),miscellaneous items,
miscellaneousitems,otherplastic/polystyreneitems(pleasespecifyinotheritembox*),miscellaneous items,
miscellaneousitems,randomdump,miscellaneous items,
miscellaneousitems,misc.plastic,miscellaneous items,
miscellaneousitems,miscplastic,miscellaneous items,
miscellaneousitems,misc.recreation,miscellaneous items,
miscellaneousitems,non-plasticitems,miscellaneous items,
miscellaneousitems,otherglassitems,miscellaneous items,
miscellaneousitems,otherplastic/foampackaging,miscellaneous items,
miscellaneousitems,otherwood<50cm,miscellaneous items,
miscellaneousitems,otherwood<50cm(pleasespecifyinotheritembox*),miscellaneous items,
miscellaneousitems,otherwood>50cm,miscellaneous items,
miscellaneousitems,otherwood>50cm(pleasespecifyinotheritembox*),miscellaneous items,
miscellaneousitems,otherplasticitems,miscellaneous items,
miscellaneousitems,woodshreds,miscellaneous items,
miscellaneousitems,otherglassitems(pleasespecifyinotheritembox*),miscellaneous items,
monofilamentnetorfiber5-30mm,monofilamentnet/fiber5-30mm,monofilament net OR fiber 5-30mm,
monofilamentnetorfiberlargerthan30mm,monofilamentnetlargerthan30mm,monofilament net OR fiber larger than 30mm,
monofilamentnetorfiberupto5mm,monofilamentnet/fiberupto5mm,monofilament net OR fiber up to 5mm,
motorbikesorparts,motorbikes/parts,motorbikes OR parts,
napkins,napkins,napkins,
napkins,napkins/wipes,napkins,
netsandpiecesofnet,plasticnetornetpieces,nets and pieces of net,
netsandpiecesofnet,non-plasticropeandnetting,nets and pieces of net,
netsandpiecesofnet,plasticrope/netpieces,nets and pieces of net,
netsandpiecesofnet,plasticrope/smallnetpieces,nets and pieces of net,
netsandpiecesofnet,netpieces,nets and pieces of net,
netsandpiecesofnet,netsandpiecesofnet,nets and pieces of net,
netsandpiecesofnet,plasticropeandnetting,nets and pieces of net,
netsandpiecesofnet<50cm,netsandpiecesofnet<50cm,nets and pieces of net <50 cm,
netsandpiecesofnet<50cm,fishingnet(small;<50cm),nets and pieces of net <50 cm,
netsandpiecesofnet<50cm,fishingnetandnetpieces<50cm,nets and pieces of net <50 cm,
netsandpiecesofnet>50cm,netsandpiecesofnet>50cm,nets and pieces of net >50cm,
"newspaper,books","paper:books,newspapers,magazines,etc","newspaper, books",
"newspaper,books","newspaper,books","newspaper, books",
"newspaper,books","paper:books,newspapers,magazines,etc.","newspaper, books",
newspapers&magazines,newspapers&magazines,newspapers & magazines,
newspapers&magazines,newspapers/magazines,newspapers & magazines,
non-beveragecontainersorbottles,"otherplasticbottles(oil,bleach,etc.)",non-beverage containers OR bottles,
non-beveragecontainersorbottles,non-beveragecontainers/bottles,non-beverage containers OR bottles,
non-foodrelatedplasticpackaging,noidplastic,non-food related plastic packaging,
non-foodrelatedplasticpackaging,non-foodrelatedplasticpackaging,non-food related plastic packaging,
nurdle,plasticnurdles,Nurdle,
nurdle,nurdle,Nurdle,
nurdle,pellets,Nurdle,
octopuspots,octopusjar,octopus pots,
octopuspots,octopuspots,octopus pots,
octopuspots,octopustops,octopus pots,
oil,oil,oil,
oildrums,oildrums,oil drums,
oildrums,"drums,e.g.oil",oil drums,
oilorpetrolcan,oilorpetrolcan,oil or petrol can,
oilortar,oil/tar,oil OR tar,
other,otherplastic,Other,
other,othermetalpieces<50cm,Other,
other,other(metal),Other,
other,otherrubber,Other,
other,othercloth,Other,
other,other/unidentified,Other,
other,otherrubberpieces,Other,
other,otherglass,Other,
other,otherunknown,Other,
other,other(pleasespecifyortakephoto),Other,
other,other(specify),Other,
other,othermetal,Other,
other,other(pleasespecifyortakeaphoto),Other,
other,other:,Other,
other,other,Other,
"otherbottles,containersanddrums","bottles,containeranddrums","other bottles, containers and drums",
"otherbottles,containersanddrums","otherbottles,containersanddrums","other bottles, containers and drums",
othercans(<4l),othercans(<4l),other cans (<4l),
otherfoodcansorwrappers,otherfoodcans/wrappers,other food cans OR wrappers,
otheridentifiableitems,otherlitteritem,other identifiable items,
otheridentifiableitems,otherplastic/polystyreneitems(identifiable),other identifiable items,
otheridentifiableitems,otheritemsofconern/peculiaritems/animals,other identifiable items,
otheridentifiableitems,otherrubberitems,other identifiable items,
otheridentifiableitems,otheridentifiableitems,other identifiable items,
otherjugsorcontainers,"hdpecontainer(shampoobottles,milkjugs,etc.)",other jugs or containers,
otherjugsorcontainers,glasscontainer,other jugs or containers,
otherjugsorcontainers,styrofoamcontainer,other jugs or containers,
otherjugsorcontainers,containers(plastic),other jugs or containers,
otherjugsorcontainers,"misc.jugs,cartons",other jugs or containers,
otherjugsorcontainers,otherjugsorcontainers,other jugs or containers,
otherjugsorcontainers,otherplasticjugsorcontainers,other jugs or containers,
otherjugsorcontainers,plasticcontainerorjug,other jugs or containers,
"othermedicalitems(swabs,bandagingetc.)","othermedicalitems(swabs,bandagingetc.)","other medical items (swabs, bandaging etc.)",
"othermedicalitems(swabs,bandagingetc.)","othermedicalitems(swabs,bandagingetc.)(pleasespecifyinotheritembox*)","other medical items (swabs, bandaging etc.)",
"othermedicalitems(swabs,bandagingetc.)",earswabs,"other medical items (swabs, bandaging etc.)",
"othermedicalitems(swabs,bandagingetc.)","othermedicalitems(swabs,bandaging,adhesiveplasteretc.)","other medical items (swabs, bandaging etc.)",
"othermedicalitems(swabs,bandagingetc.)",medicalwaste(exceptsyringes),"other medical items (swabs, bandaging etc.)",
othermixed,othermixed,other mixed,
otherorganicwaste,foodwaste(galleywaste),other organic waste,
otherorganicwaste,otherorganicwaste,other organic waste,
oysternetsormusselbagsincludingplasticstoppers,oysternetsormusselbagsincludingplasticstoppers,oyster nets or mussel bags including plastic stoppers,
oysternetsormusselbagsincludingplasticstoppers,"nusselsnets,oysternets",oyster nets or mussel bags including plastic stoppers,
oystertrays(roundfromoystercultures),oystertrays(roundfromoystercultures),oyster trays (round from oyster cultures),
packaging,plasticpackaging,packaging,
packaging,hardplasticpackaging,packaging,
packaging,paperpackaging,packaging,
packaging,packaging,packaging,
packaging,styrofoampackaging,packaging,
paintbrushes,paintbrushes,paint brushes,
painttins,painttins,paint tins,
pallets,processedtimber&palletcrates,pallets,
pallets,pallets/crates,pallets,
pallets,pallets,pallets,
pallets,palletts,pallets,
pantyliners,pantyliners,panty liners,
paper,otherpaperitems,paper,
paper,misc.paper,paper,
paper,otherpaper,paper,
paper,paper,paper,
paper,paperdebris,paper,
paper,paperfragments,paper,
paper,stationary,paper,
paperornapkinsortissues,paper/tissue/napkin,paper OR napkins OR tissues,
paperornapkinsortissues,paper/napkins/tissues,paper OR napkins OR tissues,
paraffinorwax,paraffinorwax,paraffin OR wax,
paraffinorwax,paraffin/wax,paraffin OR wax,
parkingtickets&reciepts,parkingtickets&receipts,parking tickets & reciepts,
pegsandchips,pegsandclips,pegs and chips,
pellet,cylindricalpellets<5mm,pellet,
pellet,flatpellets<5mm,pellet,
pellet,ovoidpellets<5mm,pellet,
pellet,diskspellets<5mm,pellet,
pellet,pellet,pellet,
pencils,pencils,pencils,
pens,pensandpenlids,pens,
pens,pens,pens,
pensorpencils,pens/pencils,pens OR pencils,
personalcareproducttube,personalcareproductortube,personal care product tube,
personalcareproducttube,personalcareproducttube,personal care product tube,
personalcareproducts,personalcareproduct,personal care products,
personalcareproducts,personalcareproducts,personal care products,
personalcareproducts,personalhygiene,personal care products,
personalcareproducts,personalhygieneitems,personal care products,
personalcareproducts,personalcareproductsachets,personal care products,
personalcareproducts,otherpersonalcareproduct,personal care products,
pipes&rebar,pipes(plastic/pvc),pipes & rebar,
pipes&rebar,pipes&rebar,pipes & rebar,
piping,plasticpipeortube,piping,
piping,metalpiping,piping,
plasters,plasters,plasters,
plates,styrofoamplates,plates,
plates,styrofoamplate,plates,
popsiclestick,popsiclestick,popsicle stick,
potteryorceramic,potteryorceramic,pottery or ceramic,
potteryorceramic,otherceramic/potteryitems(pleasespecifyinotheritembox*),pottery or ceramic,
potteryorceramic,anypotteryorceramic,pottery or ceramic,
pulltabs:beverages,pulltabs,pull tabs: beverages,
pulltabs:beverages,pulltabs:beverages,pull tabs: beverages,
reciepts,receipts,reciepts,
reciepts,paperreceipt,reciepts,
reciepts,plastic-coatedreceipt,reciepts,
resinpellets,resinpellets,resin pellets,
rigidplasticdisposablefoodandbegerageware,rigidplasticdisposablefoodandbeverageware,rigid plastic disposable food and begerage ware,
rope,non-nylonrope,rope,
rope,naturalropes,rope,
rope,rope,rope,
rope,plastictraprope,rope,
rope,rope(plastic/nylon),rope,
rope,plasticrope,rope,
rope,syntheticrope,rope,
rope,polypropylenerope,rope,
rope,otherplasticrope,rope,
rope&string,"plastic(string,twine,rope)",rope & string,
rope&string,rope&string(cloth),rope & string,
rope&string,rope/netpieces(non-nylon),rope & string,
rope&string,"non-plastic(string,twine,rope)",rope & string,
rope&string,"rope,stringandnets",rope & string,
rope&string,ropeornetpieces(non-nylon),rope & string,
rope&string,"rope,lineorstring(natural)",rope & string,
rope<1meter,ropescraps(smallerthan1m/yd.),rope <1 meter,
rope<1meter,rope<1meter,rope <1 meter,
rope>1meter,rope(largerthan1meter/yard),rope >1 meter,
rope>1meter,rope>1meter,rope >1 meter,
ropediameter<1cm,stringandcord(diameterlessthan1cm),rope diameter <1 cm,
ropediameter<1cm,stringandcorddiameter<1cm,rope diameter <1 cm,
ropediameter>1cm,rope(diametermorethan1cm),rope diameter >1 cm,
ropediameter>1cm,ropediameter>1cm,rope diameter >1 cm,
ropelarge,ropelarge,rope large,
ropemedium,ropemedium,rope medium,
ropeorfishingline,rope/fishingline,rope OR fishing line,
ropesmall,ropesmall,rope small,
ropesorstrappingbands,ropes/strappingbands,ropes OR strapping bands,
rubberbands,"rubberbands(small,forkitchen/household/potuse)",rubber bands,
rubberbands,rubberbands,rubber bands,
rubberbands,rubberband,rubber bands,
rubberyfragment,rubberfragments,Rubbery fragment,
rubberyfragment,rubberyfragment,Rubbery fragment,
sacking,sacking(hessian),sacking,
sacking,sacking,sacking,
sacking,burlapsack,sacking,
"sails,canvas","canvas,sailcloth&sacking","sails, canvas",
"sails,canvas","sails,canvas","sails, canvas",
saltpackaging,saltpackaging,salt packaging,
sanitaryproduct,othersanitaryitems(pleasespecifyinotheritembox*),sanitary product,
sanitaryproduct,sanitaryproduct,sanitary product,
sanitaryproduct,sanitaryitems,sanitary product,
sanitaryproduct,sanitaryother,sanitary product,
sanitaryproduct,"sanitaries(diapers,etc)",sanitary product,
sanitarytowelortampon,sanitarytowel/tampon,sanitary towel OR tampon,
sanitarytowels,sanitarytowels,sanitary towels,
saucepacket,saucepacket,sauce packet,
scrapormetalappliancesorpainttins,metaldebris,scrap OR metal appliances OR paint tins,
scrapormetalappliancesorpainttins,othermetalpieces>50cm(pleasespecifyinotheritembox*),scrap OR metal appliances OR paint tins,
scrapormetalappliancesorpainttins,metalitems,scrap OR metal appliances OR paint tins,
scrapormetalappliancesorpainttins,othermetalpieces<50cm(pleasespecifyinotheritembox*),scrap OR metal appliances OR paint tins,
scrapormetalappliancesorpainttins,metal(hard),scrap OR metal appliances OR paint tins,
scrapormetalappliancesorpainttins,metalpieces,scrap OR metal appliances OR paint tins,
scrapormetalappliancesorpainttins,scrap/metalappliances/painttins,scrap OR metal appliances OR paint tins,
scubaweights,scubaweights,scuba weights,
scuba&snorkelgear,scuba&snorkelgear,scuba&snorkelgear,
"sharpneedles,lancets,metalcatheters","sharpneedles,lancets,metalcatheters","sharp needles, lancets, metal catheters",
sheet,sheet,Sheet,
sheet,flake,Sheet,
sheet,sheets,Sheet,
sheeting,sheeting,sheeting,
sheeting,plasticsheeting,sheeting,
sheeting,plasticsheetingfrommusselculture(tahitians),sheeting,
sheeting,plasticsheeting/tape,sheeting,
sheeting<30cm,sheeting<30cm,sheeting <30cm,
sheeting>60cm,sheeting>60cm,sheeting >60cm,
sheeting30-60cm,sheeting30-60cm,sheeting 30-60 cm,
"sheeting:tarpaulin,plasticsheets,palettewrap",plasticsheets/tarps,"sheeting: tarpaulin, plastic sheets, palette wrap",
"sheeting:tarpaulin,plasticsheets,palettewrap",plasticsheetingortarps,"sheeting: tarpaulin, plastic sheets, palette wrap",
"sheeting:tarpaulin,plasticsheets,palettewrap","sheeting:tarpaulin,plasticsheets,palettewrap","sheeting: tarpaulin, plastic sheets, palette wrap",
sheet-likeuserplastic(>1mm),sheetlikeuserplastics,sheet-like user plastic (>1mm),
sheet-likeuserplastic(>1mm),sheet-likeuserplastic(>1mm),sheet-like user plastic (>1mm),
shippingorpackaging,shipping/packaging,shipping OR packaging,
shoes,shoes,shoes,
shoes,shoe,shoes,
shoes,footwear&shoes,shoes,
shoes,rubberbootorshoe,shoes,
shoes,shoes(leather),shoes,
shoesorsandals,plasticshoes&flipflops,shoes OR sandals,
shoesorsandals,rubberfootwear(sandalsonly),shoes OR sandals,
shoesorsandals,"shoes,flipflops,sandals,tennis,etc",shoes OR sandals,
shoesorsandals,shoes/sandals,shoes OR sandals,
shoesorsandals,"shoes,flipflops,sandals,tennis,etc.",shoes OR sandals,
shoesorsandals,"shoesandsandals(e.g.leather,cloth)",shoes OR sandals,
shoppingbagsincl.pieces,shoppingbagsincl.pieces,shopping bags incl. pieces,
shoppingtrolleys,shoppingtrolleys,shopping trolleys,
shotguncartridges,shotgunshellsorwadding,shotgun cartridges,
shotguncartridges,shotguncartridges,shotgun cartridges,
shotguncartridges,shotgunshells/wadding,shotgun cartridges,
shotguncartridges,gunshells,shotgun cartridges,
shotguncartridges,shotgunwadding&shells,shotgun cartridges,
signsorcones,signs/cones,signs OR cones,
singleuseplasticcarryoutbags,singleuseplasticcarryoutbags,single use plastic carryout bags,
singlueusefoodcontainer,plasticfoodcontainer,singlue use food container,
singlueusefoodcontainer,singleusefoodcontainer,singlue use food container,
six-packrings,6-packrings,six-packrings,
six-packrings,"six-packrings,ringcarriers",six-packrings,
six-packrings,6-packholders,six-packrings,
six-packrings,six-packrings,six-packrings,
six-packrings,6-packholder,six-packrings,
six-packrings,drinkpackagerings,six-packrings,
slackorcoal,slack/coal,slack OR coal,
smallelectronicitems,elecsmall,small electronic items,
smallelectronicitems,smallelectronicitems,small electronic items,
"smallplasticbags,e.g.,freezerbags","smallplasticbags,e.g.freezerbagsincl.pieces","small plastic bags, e.g., freezer bags",
"smallplasticbags,e.g.,freezerbags","smallplasticbags,e.g.freezerbags","small plastic bags, e.g., freezer bags",
softdrinkbottles,softdrinkother,soft drink bottles,
softdrinkbottles,softdrinkbottles,soft drink bottles,
sphere,sphere,Sphere,
sphere,sphericals,Sphere,
sphere,spherical,Sphere,
sphere,spheres,Sphere,
sphere,smallindustrialspheres(<5mm),Sphere,
sphere,spheruloidspellets<5mm,Sphere,
sponge,foamsponge,sponge,
spoon,spoon,spoon,
sportdrinkbottles,sportdrinkbottles,sport drink bottles,
sportsdrink,sportsdrink,sports drink,
strappingbands,strappingband,strapping bands,
strappingbands,strappingbands,strapping bands,
strappingbands,strapbands,strapping bands,
strappingbands,strappingbands(metal),strapping bands,
strappingbands,strappingbands(plastic),strapping bands,
strappingbands,plasticpackagingstraps,strapping bands,
strappingbands(closed),strappingbands(closed),strapping bands (closed),
strappingbands(open),strappingbands(open),strapping bands (open),
strappingbandsorzip-ties,strappingbands/zipties,strapping bands OR zip-ties,
strappingbandsorzip-ties,strappingbands/zip-ties,strapping bands OR zip-ties,
strappingbandsorzip-ties,cableties&zipties,strapping bands OR zip-ties,
straws,plasticstraw,straws,
straws,staws,straws,
straws,straws,straws,
"straws,stirrers",straws/stirrers,"straws, stirrers",
"straws,stirrers","straws,stirrers","straws, stirrers",
"straws,stirrers",strawsandstirrers,"straws, stirrers",
"straws,stirrers",strawsorstirrers,"straws, stirrers",
"straws,stirrers",straws&stirs,"straws, stirrers",
streetfoodbowl,streetfoodbowl,street food bowl,
string,plasticstring,string,
sunglasses,sunglasses,sunglasses,
sweetpapers,sweetwrappers,sweet papers,
sweetpapers,sweetpapers,sweet papers,
syringes,syringes/needles,syringes,
syringes,syringes,syringes,
syringes,syringe,syringes,
syringes,syringes(cautionifpickingup!),syringes,
syringes,syringes(glass),syringes,
syringes,syringes(plastic),syringes,
tableware,"tableware(plates,cups&cutlery)",tableware,
tableware,tableware(plates&cups),tableware,
tableware,tableware,tableware,
take-outfoodbags,take-outfoodbag,take-out food bags,
takeawaycup,takeawaycup,takeaway cup,
tamponapplicators,tamponapplicators,tampon applicators,
tampons,tampons,tampons,
tamponsortamponapplicators,tamponsandtamponapplicators,tampons OR tampon applicators,
tamponsortamponapplicators,tampons/tamponapplicators,tampons OR tampon applicators,
tamponsortamponapplicators,tamponapplicators/tampons,tampons OR tampon applicators,
tamponsortamponapplicators,tampon/applic.,tampons OR tampon applicators,
tamponsortamponapplicators,tamponsortamponapplicators,tampons OR tampon applicators,
tamponsortamponapplicators,tampons/applicators,tampons OR tampon applicators,
tanglednetsorcordorropeandstring,tanglednets/cord,tangled nets OR cord OR rope and string,
tanglednetsorcordorropeandstring,tanglednets/cord/ropeandstring,tangled nets OR cord OR rope and string,
tape,tape,tape,
telephone,telephone(incl.parts),telephone,
telephone,telephone,telephone,
thinfilm,films<5mm,thin film,
thinfilm,thinfilm,thin film,
threadlikeuserpellets,threadlikeuserplastic(>1mm),threadlike user pellets,
threadlikeuserpellets,threadlikeuserplastics,threadlike user pellets,
tires,tires/tyres,tires,
tires,tires,tires,
tires,tire,tires,
tires,tyre,tires,
tires,tyres,tires,
tires,rubbertire,tires,
tobaccopackaging&wrappers,tobaccopackaging/wrap,tobacco packaging & wrappers,
tobaccopackaging&wrappers,tobaccopackaging&wrappers,tobacco packaging & wrappers,
tobaccopackaging&wrappers,cigarettebox/wrapper,tobacco packaging & wrappers,
tobaccopackaging&wrappers,tobaccopouches/plasticcigaretteboxpackaging,tobacco packaging & wrappers,
tobaccopackaging&wrappers,tobaccopackagingorwrappers,tobacco packaging & wrappers,
tobaccopackaging&wrappers,cigaretteortobaccopackaging,tobacco packaging & wrappers,
tobaccopackaging&wrappers,tobaccopkging,tobacco packaging & wrappers,
tobaccosachets,tobaccosachets,tobacco sachets,
tobaccosachets,othertobaccoproduct,tobacco sachets,
tobaccosachets,tobaccopouch,tobacco sachets,
toiletfresheners,toiletfresheners,toilet fresheners,
toiletpaper,toiletpaper,toilet paper,
toiletries,toiletries,toiletries,
toothpick,toothpick,tooth pick,
toothbrushes,toothbrush,toothbrushes,
toothbrushes,toothbrushes,toothbrushes,
towelsorpantylinersorbackingstrips,sanitarytowels/pantyliners/backingstrips,towels OR panty liners OR backing strips,
towelsorpantylinersorbackingstrips,towels/pantyliners/backingstrips,towels OR panty liners OR backing strips,
towelsorrags,towels/rags,towels OR rags,
towelsorrags,"towels,rags",towels OR rags,
towelsorrags,towelsorrags,towels OR rags,
towelsorrags,towelorrag,towels OR rags,
toys,toy,toys,
toys,toys,toys,
toys,toys(plastic),toys,
toys,plastictoy,toys,
toys&partypoppers,toysandpartypoppers,toys & party poppers,
toys&partypoppers,toys&partypoppers,toys & party poppers,
toysorpartypoppersorfireworksordummies,toys/partypoppers/fireworks/dummies,toys OR party poppers OR fireworks OR dummies,
"toys,balls","toys,balls","toys, balls",
"toys,balls,partypoppers","toys,balls,partypoppers","toys, balls, party poppers",
trafficcones,trafficcones,traffic cones,
trap,metaltrap,trap,
trap,plastictrap,trap,
traporpotpieces,traporpotpieces,trap OR pot pieces,
traporpotpieces,traps/potpieces(donotremove),trap OR pot pieces,
tubesforfireworks,tubesforfireworks,tubes for fireworks,
tyresandbelts,tyresandbelts,tyres and belts,
tyreswithholes,tyreortyrepieces,tyres with holes,
tyreswithholes,tyreswithholes,tyres with holes,
tyreswithoutholesorwheels,tyreswithoutholesorwheels,tyres without holes OR wheels,
unbaggeddogfaeces,unbaggeddogfaeces,unbagged dog faeces,
unbaggeddogfaeces,notinbags,unbagged dog faeces,
unbaggeddogfaeces,dogpoop(un-bagged),unbagged dog faeces,
unbaggeddogfaeces,dogshit,unbagged dog faeces,
utensil,utensils,utensil,
utensil,utensil,utensil,
utensil,cutlery,utensil,
utensil,"forks,knives,spoons(cutlery)",utensil,
utensil,"forks,knives,spoons",utensil,
utensil,plasticutensils,utensil,
utensil,plasticcutlery,utensil,
utensil,utensils(plastic),utensil,
utensil,plasticutensil,utensil,
utensil,woodenutensils,utensil,
"vehicledebris,large","vehicledebris,large","vehicle debris, large",
"vehicledebris,small","vehicledebris,small","vehicle debris, small",
waterbottles,plasticwaterbottle,water bottles,
waterbottles,waterbottles,water bottles,
wetwipes,wetwipe,wet wipes,
wetwipes,wetwipes,wet wipes,
wetwipes,wipes/oilsorbs,wet wipes,
wheels,wheels,wheels,
winebottle,winebottle,wine bottle,
wire,wirepiece,wire,
wire,wire,wire,
"wire,wiremesh,barbedwire",wire/wiremesh/metalpieces,"wire, wire mesh, barbed wire",
"wire,wiremesh,barbedwire","wire,wiremesh,barbedwire","wire, wire mesh, barbed wire",
"wire,wiremesh,barbedwire","wire,wiremesh&barbedwire","wire, wire mesh, barbed wire",
woodboards,wood(processed),wood boards,
woodboards,woodpieces(nottwigsetc.),wood boards,
woodboards,hardboard/wood,wood boards,
woodboards,woodboards,wood boards,
woodboards,"wood(posts,beams,shiphulls)",wood boards,
woodentrap,woodentrap,wooden trap,
wrappers,foilwrappers,wrappers,
wrappers,wrappers,wrappers,
wrappers,wrappers(foil/metal),wrappers,
industrialpackagingorcratesorsheeting,industrialpackagingorcratesorsheeting,industrialpackaging OR crates OR sheeting,
diapersornappies,diapersornappies,diapers OR nappies,
fragments(trash),fragments(trash),fragments(trash),
cutleryortraysorstraws,cutleryortraysorstraws,cutlery OR trays OR straws,
shoesorsandals,shoesorsandals,shoes OR sandals,
singlueusefoodcontainer,singlueusefoodcontainer,singlue use food container,
"cups,foodtrays,foodwrappers,drinkcontainers","cups,foodtrays,foodwrappers,drinkcontainers","cups, food trays, food wrappers, drink containers",
lumberorbuildingmaterial,lumberorbuildingmaterial,lumber OR building material,
fastfoodcontainersorcups,fastfoodcontainersorcups,fastfoodcontainers OR cups,
rope&string,rope&string,rope & string,
foil,foil,foil,
piping,piping,piping,
scrapormetalappliancesorpainttins,scrapormetalappliancesorpainttins,scrap OR metal appliances OR paint tins,
cansortins,cansortins,cans OR tins,
4or6packyokes,4or6packyokes,4 OR 6 pack yokes,
bagends,bagends,bag ends,
baitcontainersorcrates,baitcontainersorcrates,bait containers OR crates,
baitcontainersorcratesorlures,baitcontainersorcratesorlures,bait containers OR crates OR lures,
"bar,pipe,orwire","bar,pipe,orwire","bar, pipe, or wire",
"beachuserelatedcosmeticbottlesandcontainers,e.g.sunblock","beachuserelatedcosmeticbottlesandcontainers,e.g.sunblock","beach use related cosmetic bottles and containers, e.g. sunblock",
beamsordunnage,beamsordunnage,beams OR dunnage,
beverageconatiners,beverageconatiners,beverage conatiners,
bottles:oilorlube,bottles:oilorlube,bottles: oil OR lube,
capsorlids,capsorlids,caps OR lids,
carorboatparts,carorboatparts,car OR boat parts,
cartsorparts,cartsorparts,carts OR parts,
cigarettelightersortobaccopouches,cigarettelightersortobaccopouches,cigarette lighters OR tobacco pouches,
cigarettesorcigartips,cigarettesorcigartips,cigarettes OR cigar tips,
clothingorrags,clothingorrags,clothing OR rags,
clothingorshoesorbeachtowels,clothingorshoesorbeachtowels,clothing OR shoes OR beach towels,
clothingortowelorgloves,clothingortowelorgloves,clothing OR towel OR gloves,
clothingortowelsorglovesorshoes,clothingortowelsorglovesorshoes,clothing OR towels OR gloves OR shoes,
combsorhairbrushes,combsorhairbrushes,combs OR hairbrushes,
combsorhairbrushesorsunglasses,combsorhairbrushesorsunglasses,combs OR hairbrushes OR sunglasses,
computerequiptment&otherelectronicdevices,computerequiptment&otherelectronicdevices,computer equiptment & other electronic devices,
containersortubes,containersortubes,containers OR tubes,
coverorpackaging,coverorpackaging,cover OR packaging,
cratesandcontainersorbaskets,cratesandcontainersorbaskets,crates and containers OR baskets,
crisporsweetorlollyorsandwichwrappers,crisporsweetorlollyorsandwichwrappers,crisp OR sweet OR lolly OR sandwich wrappers,
crisppacketsorsweetswrappers,crisppacketsorsweetswrappers,crisp packets OR sweets wrappers,
cutleryortrays,cutleryortrays,cutlery OR trays,
cutleryortraysorstrawsorcups,cutleryortraysorstrawsorcups,cutlery OR trays OR straws OR cups,
degradedbag,degradedbag,degraded bag,
degradedbottle,degradedbottle,degraded bottle,
derelicttrapsortrappieces,derelicttrapsortrappieces,derelicttraps OR trappieces,
disposablefood&beverageware,disposablefood&beverageware,disposable food & beverage ware,
drugparaphanaliaorsyringes,drugparaphanaliaorsyringes,drug paraphanalia OR syringes,
fertilizeroranimalfeedbags,fertilizeroranimalfeedbags,fertilizer OR animal feed bags,
fibreglassorfragments,fibreglassorfragments,fibre glass OR fragments,
film(thinkorflexiblee.g.strawwrapper),film(thinkorflexiblee.g.strawwrapper),film (think OR flexible e.g. straw wrapper),
filmstrip,filmstrip,filmstrip,
"fishing:lures,rodsorpoles","fishing:lures,rodsorpoles","fishing: lures, rods OR poles",
"fishingbouys,pots&traps","fishingbouys,pots&traps","fishing bouys, pots & traps",
fishingweightsorhooksorlures,fishingweightsorhooksorlures,fishingweights OR hooks OR lures,
floats(fishingbuoys)orreels,floats(fishingbuoys)orreels,floats (fishing buoys) OR reels,
flowerpots,flowerpots,flower pots,
food,food,food,
foodorbeverageware,foodorbeverageware,food OR beverage ware,
foodjars,foodjars,foodjars,
icelollysticksorchipforks,icelollysticksorchipforks,ice lolly sticks OR chip forks,
insulation&packaging,insulation&packaging,insulation & packaging,
juicecarton,juicecarton,juice carton,
largedebrisitems,largedebrisitems,large debris items,
lids,lids,lids,
lobsterorcrabpots&tops,lobsterorcrabpots&tops,lobster OR crab pots & tops,
medicalorpharmaceuticalscontainersortubes,medicalorpharmaceuticalscontainersortubes,medical OR pharmaceuticals containers OR tubes,
monofilamentnetorfiber5-30mm,monofilamentnetorfiber5-30mm,monofilament net OR fiber 5-30mm,
monofilamentnetorfiberlargerthan30mm,monofilamentnetorfiberlargerthan30mm,monofilament net OR fiber larger than 30mm,
monofilamentnetorfiberupto5mm,monofilamentnetorfiberupto5mm,monofilament net OR fiber up to 5mm,
motorbikesorparts,motorbikesorparts,motorbikes OR parts,
non-beveragecontainersorbottles,non-beveragecontainersorbottles,non-beverage containers OR bottles,
oilortar,oilortar,oil OR tar,
otherfoodcansorwrappers,otherfoodcansorwrappers,other food cans OR wrappers,
paperornapkinsortissues,paperornapkinsortissues,paper OR napkins OR tissues,
parkingtickets&reciepts,parkingtickets&reciepts,parking tickets & reciepts,
pegsandchips,pegsandchips,pegs and chips,
pensorpencils,pensorpencils,pens OR pencils,
plates,plates,plates,
reciepts,reciepts,reciepts,
rigidplasticdisposablefoodandbegerageware,rigidplasticdisposablefoodandbegerageware,rigid plastic disposable food and begerage ware,
ropeorfishingline,ropeorfishingline,rope OR fishing line,
ropediameter<1cm,ropediameter<1cm,rope diameter <1 cm,
ropesorstrappingbands,ropesorstrappingbands,ropes OR strapping bands,
sanitarytowelortampon,sanitarytowelortampon,sanitary towel OR tampon,
shippingorpackaging,shippingorpackaging,shipping OR packaging,
signsorcones,signsorcones,signs OR cones,
slackorcoal,slackorcoal,slack OR coal,
"smallplasticbags,e.g.,freezerbags","smallplasticbags,e.g.,freezerbags","small plastic bags, e.g., freezer bags",
sponge,sponge,sponge,
strappingbandsorzip-ties,strappingbandsorzip-ties,strapping bands OR zip-ties,
string,string,string,
take-outfoodbags,take-outfoodbags,take-out food bags,
tanglednetsorcordorropeandstring,tanglednetsorcordorropeandstring,tangled nets OR cord OR rope and string,
threadlikeuserpellets,threadlikeuserpellets,threadlike user pellets,
towelsorpantylinersorbackingstrips,towelsorpantylinersorbackingstrips,towels OR panty liners OR backing strips,
toysorpartypoppersorfireworksordummies,toysorpartypoppersorfireworksordummies,toys OR party poppers OR fireworks OR dummies,
trap,trap,trap,
bolts,bolts,bolts,
nails,nails,nails,
screws,screws,screws,
sheet-likeuserpellets,sheet-likeuserpellets,sheet-like user pellets,
motorbikes,motorbikes,motorbikes,
motorbikeparts,motorbikeparts,motorbike parts,
beachtowels,beachtowels,beach towels,
furniture,furniture,furniture,
sandals,sandals,sandals,
towels,towels,towels,
towels,towel,towels,
rags,rags,rags,